subset,subset_name,family,image,miou,dice,pixel_acc,model_id,display_name,group,category,architecture,encoder,input_mode,params_m,train_seconds
4130-steel,4130 Steel,Steel,4130x10 (1).jpg,0.5899682595375719,0.739493368983797,0.7521701388888888,dl_unet_r34,U-Net (ResNet34),general,encoder-decoder,Unet,resnet34,rgb,24.438109,16.993568658828735
4130-steel,4130 Steel,Steel,4130x10 (2).jpg,0.4989365909718439,0.6624715330216948,0.6753472222222222,dl_unet_r34,U-Net (ResNet34),general,encoder-decoder,Unet,resnet34,rgb,24.438109,16.993568658828735
4130-steel,4130 Steel,Steel,4130x10 (3).jpg,0.4820399121425195,0.6439835636109623,0.6688368055555556,dl_unet_r34,U-Net (ResNet34),general,encoder-decoder,Unet,resnet34,rgb,24.438109,16.993568658828735
4130-steel,4130 Steel,Steel,4130x10 (4).jpg,0.4565367710656441,0.6173222259053721,0.65185546875,dl_unet_r34,U-Net (ResNet34),general,encoder-decoder,Unet,resnet34,rgb,24.438109,16.993568658828735
4130-steel,4130 Steel,Steel,4130x10 (5).jpg,0.4712363917094088,0.6327085939717283,0.6620822482638888,dl_unet_r34,U-Net (ResNet34),general,encoder-decoder,Unet,resnet34,rgb,24.438109,16.993568658828735
4130-steel,4130 Steel,Steel,4130x10 (6).jpg,0.6660639120417977,0.7987863962959223,0.8034396701388888,dl_unet_r34,U-Net (ResNet34),general,encoder-decoder,Unet,resnet34,rgb,24.438109,16.993568658828735
4130-steel,4130 Steel,Steel,4130x10 (7).jpg,0.6645145690170838,0.7974153673000104,0.8035481770833334,dl_unet_r34,U-Net (ResNet34),general,encoder-decoder,Unet,resnet34,rgb,24.438109,16.993568658828735
4130-steel,4130 Steel,Steel,4130x10 (8).jpg,0.6824952224613385,0.811132417106333,0.8121202256944444,dl_unet_r34,U-Net (ResNet34),general,encoder-decoder,Unet,resnet34,rgb,24.438109,16.993568658828735
4130-steel,4130 Steel,Steel,4130x10 (9).jpg,0.6741983781106355,0.8048861354546757,0.8080240885416666,dl_unet_r34,U-Net (ResNet34),general,encoder-decoder,Unet,resnet34,rgb,24.438109,16.993568658828735
4130-steel,4130 Steel,Steel,4130x10 (10).jpg,0.6866294063320779,0.8141767474475308,0.8143446180555556,dl_unet_r34,U-Net (ResNet34),general,encoder-decoder,Unet,resnet34,rgb,24.438109,16.993568658828735
4130-steel,4130 Steel,Steel,4130x10 (11).jpg,0.6662575524951108,0.7996691652433334,0.7998860677083334,dl_unet_r34,U-Net (ResNet34),general,encoder-decoder,Unet,resnet34,rgb,24.438109,16.993568658828735
4130-steel,4130 Steel,Steel,4130x10 (12).jpg,0.6417485559958237,0.781708391536883,0.7821451822916666,dl_unet_r34,U-Net (ResNet34),general,encoder-decoder,Unet,resnet34,rgb,24.438109,16.993568658828735
4130-steel,4130 Steel,Steel,4130x10 (13).jpg,0.6540518225115428,0.7908413593946044,0.7908799913194444,dl_unet_r34,U-Net (ResNet34),general,encoder-decoder,Unet,resnet34,rgb,24.438109,16.993568658828735
4130-steel,4130 Steel,Steel,4130x10 (14).jpg,0.6739018592627142,0.805093804959822,0.8056640625,dl_unet_r34,U-Net (ResNet34),general,encoder-decoder,Unet,resnet34,rgb,24.438109,16.993568658828735
4130-steel,4130 Steel,Steel,4130x10 (15).jpg,0.6595117745505528,0.794823348001793,0.7948404947916666,dl_unet_r34,U-Net (ResNet34),general,encoder-decoder,Unet,resnet34,rgb,24.438109,16.993568658828735
4130-steel,4130 Steel,Steel,4130x10 (16).jpg,0.6453162574479687,0.7842243111708009,0.7853732638888888,dl_unet_r34,U-Net (ResNet34),general,encoder-decoder,Unet,resnet34,rgb,24.438109,16.993568658828735
4130-steel,4130 Steel,Steel,4130x10 (17).jpg,0.3399329743260379,0.5072590710517435,0.5076497395833334,dl_unet_r34,U-Net (ResNet34),general,encoder-decoder,Unet,resnet34,rgb,24.438109,16.993568658828735
4130-steel,4130 Steel,Steel,4130x10 (18).jpg,0.6504726476877418,0.788209586560195,0.7883029513888888,dl_unet_r34,U-Net (ResNet34),general,encoder-decoder,Unet,resnet34,rgb,24.438109,16.993568658828735
4130-steel,4130 Steel,Steel,4130x10 (19).jpg,0.6493097498422198,0.7870981187894139,0.7886555989583334,dl_unet_r34,U-Net (ResNet34),general,encoder-decoder,Unet,resnet34,rgb,24.438109,16.993568658828735
4130-steel,4130 Steel,Steel,4130x10 (20).jpg,0.6116458577972281,0.7567160052725215,0.7685546875,dl_unet_r34,U-Net (ResNet34),general,encoder-decoder,Unet,resnet34,rgb,24.438109,16.993568658828735
4130-steel,4130 Steel,Steel,4130x20 (1).jpg,0.5669384586656852,0.709998323746649,0.7706163194444444,dl_unet_r34,U-Net (ResNet34),general,encoder-decoder,Unet,resnet34,rgb,24.438109,16.993568658828735
4130-steel,4130 Steel,Steel,4130x20 (2).jpg,0.5247757574936057,0.6723665207467109,0.737060546875,dl_unet_r34,U-Net (ResNet34),general,encoder-decoder,Unet,resnet34,rgb,24.438109,16.993568658828735
4130-steel,4130 Steel,Steel,4130x20 (3).jpg,0.554785935504235,0.7021516740352178,0.7522515190972222,dl_unet_r34,U-Net (ResNet34),general,encoder-decoder,Unet,resnet34,rgb,24.438109,16.993568658828735
4130-steel,4130 Steel,Steel,4130x20 (4).jpg,0.5113241826754842,0.6533082549699504,0.7440049913194444,dl_unet_r34,U-Net (ResNet34),general,encoder-decoder,Unet,resnet34,rgb,24.438109,16.993568658828735
4130-steel,4130 Steel,Steel,4130x20 (5).jpg,0.3405123001961107,0.4685013087964447,0.5824110243055556,dl_unet_r34,U-Net (ResNet34),general,encoder-decoder,Unet,resnet34,rgb,24.438109,16.993568658828735
4130-steel,4130 Steel,Steel,4130x20 (6).jpg,0.4643445434999054,0.6215236689514841,0.6676974826388888,dl_unet_r34,U-Net (ResNet34),general,encoder-decoder,Unet,resnet34,rgb,24.438109,16.993568658828735
4130-steel,4130 Steel,Steel,4130x20 (7).jpg,0.5297481932795416,0.6870762749011574,0.7102322048611112,dl_unet_r34,U-Net (ResNet34),general,encoder-decoder,Unet,resnet34,rgb,24.438109,16.993568658828735
4130-steel,4130 Steel,Steel,4130x20 (8).jpg,0.4852906660912962,0.6419148974443977,0.6857096354166666,dl_unet_r34,U-Net (ResNet34),general,encoder-decoder,Unet,resnet34,rgb,24.438109,16.993568658828735
4130-steel,4130 Steel,Steel,4130x20 (9).jpg,0.3908573804821487,0.5382645079964324,0.613525390625,dl_unet_r34,U-Net (ResNet34),general,encoder-decoder,Unet,resnet34,rgb,24.438109,16.993568658828735
4130-steel,4130 Steel,Steel,4130x20 (10).jpg,0.5143049895657179,0.6743354093362632,0.6943901909722222,dl_unet_r34,U-Net (ResNet34),general,encoder-decoder,Unet,resnet34,rgb,24.438109,16.993568658828735
4130-steel,4130 Steel,Steel,4130x20 (11).jpg,0.3437095722220106,0.4913267200212915,0.5514051649305556,dl_unet_r34,U-Net (ResNet34),general,encoder-decoder,Unet,resnet34,rgb,24.438109,16.993568658828735
4130-steel,4130 Steel,Steel,4130x20 (12).jpg,0.4549522614076317,0.6167893699063492,0.6478135850694444,dl_unet_r34,U-Net (ResNet34),general,encoder-decoder,Unet,resnet34,rgb,24.438109,16.993568658828735
4130-steel,4130 Steel,Steel,4130x20 (13).jpg,0.5213566465021302,0.6826548747259735,0.6939832899305556,dl_unet_r34,U-Net (ResNet34),general,encoder-decoder,Unet,resnet34,rgb,24.438109,16.993568658828735
4130-steel,4130 Steel,Steel,4130x20 (14).jpg,0.5165760748231777,0.678345051540915,0.6902398003472222,dl_unet_r34,U-Net (ResNet34),general,encoder-decoder,Unet,resnet34,rgb,24.438109,16.993568658828735
4130-steel,4130 Steel,Steel,4130x20 (15).jpg,0.4926499997616615,0.6526380172177442,0.6815863715277778,dl_unet_r34,U-Net (ResNet34),general,encoder-decoder,Unet,resnet34,rgb,24.438109,16.993568658828735
4130-steel,4130 Steel,Steel,4130x20 (16).jpg,0.3881456159821463,0.531449667993867,0.6185167100694444,dl_unet_r34,U-Net (ResNet34),general,encoder-decoder,Unet,resnet34,rgb,24.438109,16.993568658828735
4130-steel,4130 Steel,Steel,4130x20 (17).jpg,0.2373238935051806,0.337654133825928,0.4529893663194444,dl_unet_r34,U-Net (ResNet34),general,encoder-decoder,Unet,resnet34,rgb,24.438109,16.993568658828735
4130-steel,4130 Steel,Steel,4130x20 (18).jpg,0.4876496083060616,0.63937743227905,0.7005750868055556,dl_unet_r34,U-Net (ResNet34),general,encoder-decoder,Unet,resnet34,rgb,24.438109,16.993568658828735
4130-steel,4130 Steel,Steel,4130x20 (19).jpg,0.4777642768958975,0.6299446215113563,0.6916232638888888,dl_unet_r34,U-Net (ResNet34),general,encoder-decoder,Unet,resnet34,rgb,24.438109,16.993568658828735
4130-steel,4130 Steel,Steel,4130x20 (20).jpg,0.3817692761413276,0.5170554469019862,0.6261393229166666,dl_unet_r34,U-Net (ResNet34),general,encoder-decoder,Unet,resnet34,rgb,24.438109,16.993568658828735
6280-cast-iron-low,6280 Gray Cast Iron,Cast Iron,6280 x 10 (1).jpg,0.4903734027388213,0.657956474773752,0.6587999131944444,dl_unet_r34,U-Net (ResNet34),general,encoder-decoder,Unet,resnet34,rgb,24.438109,16.993568658828735
6280-cast-iron-low,6280 Gray Cast Iron,Cast Iron,6280 x 10 (2).jpg,0.4949419293201361,0.662131063658633,0.665283203125,dl_unet_r34,U-Net (ResNet34),general,encoder-decoder,Unet,resnet34,rgb,24.438109,16.993568658828735
6280-cast-iron-low,6280 Gray Cast Iron,Cast Iron,6280 x 10 (3).jpg,0.4875663533768557,0.6553169708107244,0.6620551215277778,dl_unet_r34,U-Net (ResNet34),general,encoder-decoder,Unet,resnet34,rgb,24.438109,16.993568658828735
6280-cast-iron-low,6280 Gray Cast Iron,Cast Iron,6280 x 10 (4).jpg,0.4931612940267327,0.6603052575638632,0.6709255642361112,dl_unet_r34,U-Net (ResNet34),general,encoder-decoder,Unet,resnet34,rgb,24.438109,16.993568658828735
6280-cast-iron-low,6280 Gray Cast Iron,Cast Iron,6280 x 10 (5).jpg,0.3948480347916194,0.5629113538268561,0.6038953993055556,dl_unet_r34,U-Net (ResNet34),general,encoder-decoder,Unet,resnet34,rgb,24.438109,16.993568658828735
6280-cast-iron-low,6280 Gray Cast Iron,Cast Iron,6280 x 10 (6).jpg,0.4747673357001108,0.6438455047608439,0.6458333333333334,dl_unet_r34,U-Net (ResNet34),general,encoder-decoder,Unet,resnet34,rgb,24.438109,16.993568658828735
6280-cast-iron-low,6280 Gray Cast Iron,Cast Iron,6280 x 10 (7).jpg,0.5263663694905274,0.6896948676070505,0.6904568142361112,dl_unet_r34,U-Net (ResNet34),general,encoder-decoder,Unet,resnet34,rgb,24.438109,16.993568658828735
6280-cast-iron-low,6280 Gray Cast Iron,Cast Iron,6280 x 10 (8).jpg,0.4873603987114854,0.6551391047581481,0.660400390625,dl_unet_r34,U-Net (ResNet34),general,encoder-decoder,Unet,resnet34,rgb,24.438109,16.993568658828735
6280-cast-iron-low,6280 Gray Cast Iron,Cast Iron,6280 x 10 (9).jpg,0.4224014088789189,0.5933302795059695,0.6104058159722222,dl_unet_r34,U-Net (ResNet34),general,encoder-decoder,Unet,resnet34,rgb,24.438109,16.993568658828735
6280-cast-iron-low,6280 Gray Cast Iron,Cast Iron,6280 x 10 (10).jpg,0.5031298636937515,0.6685002389575794,0.6900499131944444,dl_unet_r34,U-Net (ResNet34),general,encoder-decoder,Unet,resnet34,rgb,24.438109,16.993568658828735
6280-cast-iron-low,6280 Gray Cast Iron,Cast Iron,6280 x 10 (11).jpg,0.4893362520957607,0.6562332106973088,0.6766493055555556,dl_unet_r34,U-Net (ResNet34),general,encoder-decoder,Unet,resnet34,rgb,24.438109,16.993568658828735
6280-cast-iron-high,6280 Gray Cast Iron,Cast Iron,6280 x 20 (1).jpg,0.5966354392574764,0.7335679836661153,0.7991536458333334,dl_unet_r34,U-Net (ResNet34),general,encoder-decoder,Unet,resnet34,rgb,24.438109,16.993568658828735
6280-cast-iron-high,6280 Gray Cast Iron,Cast Iron,6280 x 20 (2).jpg,0.5372926280810021,0.6772868667364506,0.7663302951388888,dl_unet_r34,U-Net (ResNet34),general,encoder-decoder,Unet,resnet34,rgb,24.438109,16.993568658828735
6280-cast-iron-high,6280 Gray Cast Iron,Cast Iron,6280 x 20 (3).jpg,0.5275207839739486,0.6726215187186761,0.7458767361111112,dl_unet_r34,U-Net (ResNet34),general,encoder-decoder,Unet,resnet34,rgb,24.438109,16.993568658828735
6280-cast-iron-high,6280 Gray Cast Iron,Cast Iron,6280 x 20 (4).jpg,0.5902639146777571,0.7271588077897843,0.7980143229166666,dl_unet_r34,U-Net (ResNet34),general,encoder-decoder,Unet,resnet34,rgb,24.438109,16.993568658828735
6280-cast-iron-high,6280 Gray Cast Iron,Cast Iron,6280 x 20 (5).jpg,0.5385820961662837,0.6764628235135423,0.7731662326388888,dl_unet_r34,U-Net (ResNet34),general,encoder-decoder,Unet,resnet34,rgb,24.438109,16.993568658828735
6280-cast-iron-high,6280 Gray Cast Iron,Cast Iron,6280 x 20 (6).jpg,0.5815795642442951,0.7203315021040692,0.7894694010416666,dl_unet_r34,U-Net (ResNet34),general,encoder-decoder,Unet,resnet34,rgb,24.438109,16.993568658828735
6280-cast-iron-high,6280 Gray Cast Iron,Cast Iron,6280 x 20 (7).jpg,0.5872198736981841,0.7154167602518061,0.8260904947916666,dl_unet_r34,U-Net (ResNet34),general,encoder-decoder,Unet,resnet34,rgb,24.438109,16.993568658828735
6280-cast-iron-high,6280 Gray Cast Iron,Cast Iron,6280 x 20 (8).jpg,0.5905680735051377,0.7286673093444677,0.7938910590277778,dl_unet_r34,U-Net (ResNet34),general,encoder-decoder,Unet,resnet34,rgb,24.438109,16.993568658828735
6280-cast-iron-high,6280 Gray Cast Iron,Cast Iron,6280 x 20 (9).jpg,0.5462376628078286,0.6831023523877635,0.7804904513888888,dl_unet_r34,U-Net (ResNet34),general,encoder-decoder,Unet,resnet34,rgb,24.438109,16.993568658828735
6280-cast-iron-high,6280 Gray Cast Iron,Cast Iron,6280 x 20 (10).jpg,0.5954199773550066,0.7287499952343734,0.8115234375,dl_unet_r34,U-Net (ResNet34),general,encoder-decoder,Unet,resnet34,rgb,24.438109,16.993568658828735
5884-armor-steel,5884 Armor Steel,Steel,armor steel  x 5 (3).jpg,0.4459988301552257,0.6111389070373356,0.6316189236111112,dl_unet_r34,U-Net (ResNet34),general,encoder-decoder,Unet,resnet34,rgb,24.438109,16.993568658828735
5884-armor-steel,5884 Armor Steel,Steel,armor steel x 5 (1).jpg,0.4085847899980321,0.5716896009554894,0.599853515625,dl_unet_r34,U-Net (ResNet34),general,encoder-decoder,Unet,resnet34,rgb,24.438109,16.993568658828735
5884-armor-steel,5884 Armor Steel,Steel,armor steel x 5 (2).jpg,0.4128667453901353,0.5790339157245632,0.5972764756944444,dl_unet_r34,U-Net (ResNet34),general,encoder-decoder,Unet,resnet34,rgb,24.438109,16.993568658828735
5884-armor-steel,5884 Armor Steel,Steel,armor steel x 5 (4).jpg,0.4665363282259983,0.6360098289586292,0.6368815104166666,dl_unet_r34,U-Net (ResNet34),general,encoder-decoder,Unet,resnet34,rgb,24.438109,16.993568658828735
5884-armor-steel,5884 Armor Steel,Steel,armor steel x 5 (5).jpg,0.4215154755750327,0.5794314954274444,0.6254340277777778,dl_unet_r34,U-Net (ResNet34),general,encoder-decoder,Unet,resnet34,rgb,24.438109,16.993568658828735
5884-armor-steel,5884 Armor Steel,Steel,armor steel x 10 (1).jpg,0.3936984852683622,0.5544795307594572,0.5885145399305556,dl_unet_r34,U-Net (ResNet34),general,encoder-decoder,Unet,resnet34,rgb,24.438109,16.993568658828735
5884-armor-steel,5884 Armor Steel,Steel,armor steel x 10 (2).jpg,0.4762435648600233,0.6426217928855262,0.6524522569444444,dl_unet_r34,U-Net (ResNet34),general,encoder-decoder,Unet,resnet34,rgb,24.438109,16.993568658828735
5884-armor-steel,5884 Armor Steel,Steel,armor steel x 10 (3).jpg,0.336731340800503,0.5037667873659972,0.50390625,dl_unet_r34,U-Net (ResNet34),general,encoder-decoder,Unet,resnet34,rgb,24.438109,16.993568658828735
5884-armor-steel,5884 Armor Steel,Steel,armor steel x 10 (4).jpg,0.3963538784508541,0.5672479050731034,0.5687391493055556,dl_unet_r34,U-Net (ResNet34),general,encoder-decoder,Unet,resnet34,rgb,24.438109,16.993568658828735
5884-armor-steel,5884 Armor Steel,Steel,armor steel x 10 (5).jpg,0.3659552507788886,0.5347704949113103,0.5380859375,dl_unet_r34,U-Net (ResNet34),general,encoder-decoder,Unet,resnet34,rgb,24.438109,16.993568658828735
5884-armor-steel,5884 Armor Steel,Steel,armor steel x 10 (6).jpg,0.3303610535171929,0.4966140058011165,0.4967176649305556,dl_unet_r34,U-Net (ResNet34),general,encoder-decoder,Unet,resnet34,rgb,24.438109,16.993568658828735
5884-armor-steel,5884 Armor Steel,Steel,armor steel x 20 (1).jpg,0.7870891189543732,0.8741574118549117,0.9341362847222222,dl_unet_r34,U-Net (ResNet34),general,encoder-decoder,Unet,resnet34,rgb,24.438109,16.993568658828735
5884-armor-steel,5884 Armor Steel,Steel,armor steel x 20 (2).jpg,0.7973016681367642,0.8818809988542236,0.9324273003472222,dl_unet_r34,U-Net (ResNet34),general,encoder-decoder,Unet,resnet34,rgb,24.438109,16.993568658828735
5884-armor-steel,5884 Armor Steel,Steel,armor steel x 20 (3).jpg,0.8860514381876696,0.9395832187785844,0.9395887586805556,dl_unet_r34,U-Net (ResNet34),general,encoder-decoder,Unet,resnet34,rgb,24.438109,16.993568658828735
5884-armor-steel,5884 Armor Steel,Steel,armor steel x 20 (4).jpg,0.8126910243898853,0.8938245935087334,0.9234483506944444,dl_unet_r34,U-Net (ResNet34),general,encoder-decoder,Unet,resnet34,rgb,24.438109,16.993568658828735
5884-armor-steel,5884 Armor Steel,Steel,armor steel x 20 (5).jpg,0.8177428812124742,0.8982544766479421,0.9142795138888888,dl_unet_r34,U-Net (ResNet34),general,encoder-decoder,Unet,resnet34,rgb,24.438109,16.993568658828735
5884-armor-steel,5884 Armor Steel,Steel,armor steel x 20 (6).jpg,0.5777460661139884,0.7277084262124838,0.7494845920138888,dl_unet_r34,U-Net (ResNet34),general,encoder-decoder,Unet,resnet34,rgb,24.438109,16.993568658828735
5884-armor-steel,5884 Armor Steel,Steel,armor steel x 50 (1).jpg,0.3116936472164368,0.4736510553580401,0.4782986111111111,dl_unet_r34,U-Net (ResNet34),general,encoder-decoder,Unet,resnet34,rgb,24.438109,16.993568658828735
5884-armor-steel,5884 Armor Steel,Steel,armor steel x 50 (2).jpg,0.4149491166261928,0.582724344590052,0.5956217447916666,dl_unet_r34,U-Net (ResNet34),general,encoder-decoder,Unet,resnet34,rgb,24.438109,16.993568658828735
5884-armor-steel,5884 Armor Steel,Steel,armor steel x 50 (3).jpg,0.4564375267579619,0.6247386388118396,0.6322428385416666,dl_unet_r34,U-Net (ResNet34),general,encoder-decoder,Unet,resnet34,rgb,24.438109,16.993568658828735
5884-armor-steel,5884 Armor Steel,Steel,armor steel x 50 (4).jpg,0.4056119157723126,0.5731536228188014,0.5864529079861112,dl_unet_r34,U-Net (ResNet34),general,encoder-decoder,Unet,resnet34,rgb,24.438109,16.993568658828735
418-17-4ph-x5,418 Printed 17-4 PH Steel,Steel,x5 (1).jpg,0.7623892624709145,0.8484206396714171,0.9757215711805556,dl_unet_r34,U-Net (ResNet34),general,encoder-decoder,Unet,resnet34,rgb,24.438109,16.993568658828735
418-17-4ph-x5,418 Printed 17-4 PH Steel,Steel,x5 (2).jpg,0.7132606747936057,0.8066052390116218,0.9672309027777778,dl_unet_r34,U-Net (ResNet34),general,encoder-decoder,Unet,resnet34,rgb,24.438109,16.993568658828735
418-17-4ph-x5,418 Printed 17-4 PH Steel,Steel,x5 (3).jpg,0.7067540749086075,0.797533977341663,0.9795735677083334,dl_unet_r34,U-Net (ResNet34),general,encoder-decoder,Unet,resnet34,rgb,24.438109,16.993568658828735
418-17-4ph-x5,418 Printed 17-4 PH Steel,Steel,x5 (4).jpg,0.7605472957887411,0.8476212826499441,0.9714084201388888,dl_unet_r34,U-Net (ResNet34),general,encoder-decoder,Unet,resnet34,rgb,24.438109,16.993568658828735
418-17-4ph-x5,418 Printed 17-4 PH Steel,Steel,x5 (5).jpg,0.6139835481901774,0.7162129592627142,0.9180501302083334,dl_unet_r34,U-Net (ResNet34),general,encoder-decoder,Unet,resnet34,rgb,24.438109,16.993568658828735
418-17-4ph-x5,418 Printed 17-4 PH Steel,Steel,x5 (6).jpg,0.7338404795903811,0.8255676858563653,0.9664442274305556,dl_unet_r34,U-Net (ResNet34),general,encoder-decoder,Unet,resnet34,rgb,24.438109,16.993568658828735
418-17-4ph-x5,418 Printed 17-4 PH Steel,Steel,x5 (7).jpg,0.7250946700204717,0.8164295912619262,0.9725477430555556,dl_unet_r34,U-Net (ResNet34),general,encoder-decoder,Unet,resnet34,rgb,24.438109,16.993568658828735
418-17-4ph-x5,418 Printed 17-4 PH Steel,Steel,x5 (8).jpg,0.733001663971892,0.8218326495149595,0.981201171875,dl_unet_r34,U-Net (ResNet34),general,encoder-decoder,Unet,resnet34,rgb,24.438109,16.993568658828735
418-17-4ph-x5,418 Printed 17-4 PH Steel,Steel,x5 (9).jpg,0.7529244248851557,0.8398471479303298,0.9789496527777778,dl_unet_r34,U-Net (ResNet34),general,encoder-decoder,Unet,resnet34,rgb,24.438109,16.993568658828735
418-17-4ph-x5,418 Printed 17-4 PH Steel,Steel,x5 (10).jpg,0.7305532606150082,0.8204053555558182,0.9773491753472222,dl_unet_r34,U-Net (ResNet34),general,encoder-decoder,Unet,resnet34,rgb,24.438109,16.993568658828735
418-17-4ph-x5,418 Printed 17-4 PH Steel,Steel,x5 (11).jpg,0.7047336844923728,0.7976105974646485,0.9710015190972222,dl_unet_r34,U-Net (ResNet34),general,encoder-decoder,Unet,resnet34,rgb,24.438109,16.993568658828735
418-17-4ph-x5,418 Printed 17-4 PH Steel,Steel,x5 (12).jpg,0.7277099655963993,0.8181539905766173,0.9757215711805556,dl_unet_r34,U-Net (ResNet34),general,encoder-decoder,Unet,resnet34,rgb,24.438109,16.993568658828735
418-17-4ph-x5,418 Printed 17-4 PH Steel,Steel,x5 (13).jpg,0.7267172927170893,0.8159079728469285,0.9820149739583334,dl_unet_r34,U-Net (ResNet34),general,encoder-decoder,Unet,resnet34,rgb,24.438109,16.993568658828735
418-17-4ph-x5,418 Printed 17-4 PH Steel,Steel,x5 (14).jpg,0.7338829077300998,0.8233952830881295,0.9774576822916666,dl_unet_r34,U-Net (ResNet34),general,encoder-decoder,Unet,resnet34,rgb,24.438109,16.993568658828735
418-17-4ph-x5,418 Printed 17-4 PH Steel,Steel,x5 (15).jpg,0.8058390194787879,0.884805163272221,0.9591200086805556,dl_unet_r34,U-Net (ResNet34),general,encoder-decoder,Unet,resnet34,rgb,24.438109,16.993568658828735
418-17-4ph-x5,418 Printed 17-4 PH Steel,Steel,x5 (16).jpg,0.8238114564932126,0.8966433938732322,0.9687228732638888,dl_unet_r34,U-Net (ResNet34),general,encoder-decoder,Unet,resnet34,rgb,24.438109,16.993568658828735
418-17-4ph-x5,418 Printed 17-4 PH Steel,Steel,x5 (17).jpg,0.6035355441904442,0.7085685804084617,0.9043782552083334,dl_unet_r34,U-Net (ResNet34),general,encoder-decoder,Unet,resnet34,rgb,24.438109,16.993568658828735
418-17-4ph-x5,418 Printed 17-4 PH Steel,Steel,x5 (18).jpg,0.7207962731131584,0.8136888410694298,0.9668782552083334,dl_unet_r34,U-Net (ResNet34),general,encoder-decoder,Unet,resnet34,rgb,24.438109,16.993568658828735
418-17-4ph-x5,418 Printed 17-4 PH Steel,Steel,x5 (19).jpg,0.7588875135474494,0.8453887884267631,0.9762912326388888,dl_unet_r34,U-Net (ResNet34),general,encoder-decoder,Unet,resnet34,rgb,24.438109,16.993568658828735
418-17-4ph-x5,418 Printed 17-4 PH Steel,Steel,x5 (20).jpg,0.7301730697972869,0.8209061404582041,0.9732530381944444,dl_unet_r34,U-Net (ResNet34),general,encoder-decoder,Unet,resnet34,rgb,24.438109,16.993568658828735
418-17-4ph-x5,418 Printed 17-4 PH Steel,Steel,x5 (21).jpg,0.7465184189075553,0.8342170019054236,0.9794108072916666,dl_unet_r34,U-Net (ResNet34),general,encoder-decoder,Unet,resnet34,rgb,24.438109,16.993568658828735
418-17-4ph-x5,418 Printed 17-4 PH Steel,Steel,x5 (22).jpg,0.746986947898089,0.8363141937616014,0.9703776041666666,dl_unet_r34,U-Net (ResNet34),general,encoder-decoder,Unet,resnet34,rgb,24.438109,16.993568658828735
418-17-4ph-x5,418 Printed 17-4 PH Steel,Steel,x5 (23).jpg,0.7275194790505393,0.8182927550856682,0.9742296006944444,dl_unet_r34,U-Net (ResNet34),general,encoder-decoder,Unet,resnet34,rgb,24.438109,16.993568658828735
418-17-4ph-x5,418 Printed 17-4 PH Steel,Steel,x5 (24).jpg,0.7569008549955195,0.8434769453940827,0.9776204427083334,dl_unet_r34,U-Net (ResNet34),general,encoder-decoder,Unet,resnet34,rgb,24.438109,16.993568658828735
418-17-4ph-x5,418 Printed 17-4 PH Steel,Steel,x5 (25).jpg,0.744206260045406,0.832959413970932,0.9753960503472222,dl_unet_r34,U-Net (ResNet34),general,encoder-decoder,Unet,resnet34,rgb,24.438109,16.993568658828735
418-17-4ph-x20,418 Printed 17-4 PH Steel,Steel,x20 (1).jpg,0.1708277234569036,0.2581844823674016,0.3371310763888889,dl_unet_r34,U-Net (ResNet34),general,encoder-decoder,Unet,resnet34,rgb,24.438109,16.993568658828735
418-17-4ph-x20,418 Printed 17-4 PH Steel,Steel,x20 (2).jpg,0.1103424377704805,0.1831061347732859,0.2179090711805555,dl_unet_r34,U-Net (ResNet34),general,encoder-decoder,Unet,resnet34,rgb,24.438109,16.993568658828735
418-17-4ph-x20,418 Printed 17-4 PH Steel,Steel,x20 (3).jpg,0.0882445398983163,0.1520690697194061,0.1740993923611111,dl_unet_r34,U-Net (ResNet34),general,encoder-decoder,Unet,resnet34,rgb,24.438109,16.993568658828735
418-17-4ph-x20,418 Printed 17-4 PH Steel,Steel,x20 (4).jpg,0.0812406869282617,0.1416972053984573,0.1602647569444444,dl_unet_r34,U-Net (ResNet34),general,encoder-decoder,Unet,resnet34,rgb,24.438109,16.993568658828735
418-17-4ph-x20,418 Printed 17-4 PH Steel,Steel,x20 (5).jpg,0.0915766363812995,0.1569786236508753,0.1806098090277778,dl_unet_r34,U-Net (ResNet34),general,encoder-decoder,Unet,resnet34,rgb,24.438109,16.993568658828735
418-17-4ph-x20,418 Printed 17-4 PH Steel,Steel,x20 (6).jpg,0.165638020890654,0.2528006778055692,0.3262261284722222,dl_unet_r34,U-Net (ResNet34),general,encoder-decoder,Unet,resnet34,rgb,24.438109,16.993568658828735
418-17-4ph-x20,418 Printed 17-4 PH Steel,Steel,x20 (7).jpg,0.1984167314564207,0.2870730364963893,0.3929307725694444,dl_unet_r34,U-Net (ResNet34),general,encoder-decoder,Unet,resnet34,rgb,24.438109,16.993568658828735
418-17-4ph-x20,418 Printed 17-4 PH Steel,Steel,x20 (8).jpg,0.0985884723482495,0.1668581054240982,0.1946343315972222,dl_unet_r34,U-Net (ResNet34),general,encoder-decoder,Unet,resnet34,rgb,24.438109,16.993568658828735
418-17-4ph-x20,418 Printed 17-4 PH Steel,Steel,x20 (9).jpg,0.2229435526952244,0.3136558139916148,0.4388292100694444,dl_unet_r34,U-Net (ResNet34),general,encoder-decoder,Unet,resnet34,rgb,24.438109,16.993568658828735
418-17-4ph-x20,418 Printed 17-4 PH Steel,Steel,x20 (10).jpg,0.1287087165056469,0.2075414729432659,0.2539605034722222,dl_unet_r34,U-Net (ResNet34),general,encoder-decoder,Unet,resnet34,rgb,24.438109,16.993568658828735
418-17-4ph-x20,418 Printed 17-4 PH Steel,Steel,x20 (11).jpg,0.4920425116051796,0.5104649149123514,0.964111328125,dl_unet_r34,U-Net (ResNet34),general,encoder-decoder,Unet,resnet34,rgb,24.438109,16.993568658828735
418-17-4ph-x20,418 Printed 17-4 PH Steel,Steel,x20 (12).jpg,0.4988853724082085,0.5207335710646969,0.9680989583333334,dl_unet_r34,U-Net (ResNet34),general,encoder-decoder,Unet,resnet34,rgb,24.438109,16.993568658828735
418-17-4ph-x20,418 Printed 17-4 PH Steel,Steel,x20 (13).jpg,0.5083939257307203,0.5273522975929978,0.9845377604166666,dl_unet_r34,U-Net (ResNet34),general,encoder-decoder,Unet,resnet34,rgb,24.438109,16.993568658828735
418-17-4ph-x20,418 Printed 17-4 PH Steel,Steel,x20 (14).jpg,0.4973909822080019,0.5119525827317364,0.9765896267361112,dl_unet_r34,U-Net (ResNet34),general,encoder-decoder,Unet,resnet34,rgb,24.438109,16.993568658828735
418-17-4ph-x20,418 Printed 17-4 PH Steel,Steel,x20 (15).jpg,0.4957380939444245,0.5096825032123559,0.9752875434027778,dl_unet_r34,U-Net (ResNet34),general,encoder-decoder,Unet,resnet34,rgb,24.438109,16.993568658828735
418-17-4ph-x20,418 Printed 17-4 PH Steel,Steel,x20 (16).jpg,0.4964171049466744,0.5154467240238253,0.9689670138888888,dl_unet_r34,U-Net (ResNet34),general,encoder-decoder,Unet,resnet34,rgb,24.438109,16.993568658828735
418-17-4ph-x20,418 Printed 17-4 PH Steel,Steel,x20 (17).jpg,0.5121363057747408,0.5397870416926793,0.976318359375,dl_unet_r34,U-Net (ResNet34),general,encoder-decoder,Unet,resnet34,rgb,24.438109,16.993568658828735
418-17-4ph-x20,418 Printed 17-4 PH Steel,Steel,x20 (18).jpg,0.4942603158129485,0.5102373835062423,0.9704861111111112,dl_unet_r34,U-Net (ResNet34),general,encoder-decoder,Unet,resnet34,rgb,24.438109,16.993568658828735
418-17-4ph-x20,418 Printed 17-4 PH Steel,Steel,x20 (19).jpg,0.4953174409333328,0.5092348284960422,0.9747721354166666,dl_unet_r34,U-Net (ResNet34),general,encoder-decoder,Unet,resnet34,rgb,24.438109,16.993568658828735
418-17-4ph-x20,418 Printed 17-4 PH Steel,Steel,x20 (20).jpg,0.2540997323027185,0.3459426687209964,0.4958767361111111,dl_unet_r34,U-Net (ResNet34),general,encoder-decoder,Unet,resnet34,rgb,24.438109,16.993568658828735
418-17-4ph-x20,418 Printed 17-4 PH Steel,Steel,x20 (21).jpg,0.2852316362395004,0.3717249753181394,0.5586751302083334,dl_unet_r34,U-Net (ResNet34),general,encoder-decoder,Unet,resnet34,rgb,24.438109,16.993568658828735
4130-steel,4130 Steel,Steel,4130x10 (1).jpg,0.6426912513596145,0.7823236947132264,0.7832302517361112,dl_unetpp_r34,U-Net++ (ResNet34),general,encoder-decoder,UnetPlusPlus,resnet34,rgb,26.080349,29.275037050247192
4130-steel,4130 Steel,Steel,4130x10 (2).jpg,0.5433441198090783,0.7039554200098768,0.7046440972222222,dl_unetpp_r34,U-Net++ (ResNet34),general,encoder-decoder,UnetPlusPlus,resnet34,rgb,26.080349,29.275037050247192
4130-steel,4130 Steel,Steel,4130x10 (3).jpg,0.5449277978294507,0.7047152550023711,0.7078993055555556,dl_unetpp_r34,U-Net++ (ResNet34),general,encoder-decoder,UnetPlusPlus,resnet34,rgb,26.080349,29.275037050247192
4130-steel,4130 Steel,Steel,4130x10 (4).jpg,0.53121608512264,0.6920192810292944,0.6997884114583334,dl_unetpp_r34,U-Net++ (ResNet34),general,encoder-decoder,UnetPlusPlus,resnet34,rgb,26.080349,29.275037050247192
4130-steel,4130 Steel,Steel,4130x10 (5).jpg,0.504848709606237,0.6700351705285654,0.6737738715277778,dl_unetpp_r34,U-Net++ (ResNet34),general,encoder-decoder,UnetPlusPlus,resnet34,rgb,26.080349,29.275037050247192
4130-steel,4130 Steel,Steel,4130x10 (6).jpg,0.6281096115102756,0.7713555869734998,0.7725694444444444,dl_unetpp_r34,U-Net++ (ResNet34),general,encoder-decoder,UnetPlusPlus,resnet34,rgb,26.080349,29.275037050247192
4130-steel,4130 Steel,Steel,4130x10 (7).jpg,0.6080026887593946,0.7560908420966168,0.7567545572916666,dl_unetpp_r34,U-Net++ (ResNet34),general,encoder-decoder,UnetPlusPlus,resnet34,rgb,26.080349,29.275037050247192
4130-steel,4130 Steel,Steel,4130x10 (8).jpg,0.6254760423892604,0.7695737807405605,0.7696668836805556,dl_unetpp_r34,U-Net++ (ResNet34),general,encoder-decoder,UnetPlusPlus,resnet34,rgb,26.080349,29.275037050247192
4130-steel,4130 Steel,Steel,4130x10 (9).jpg,0.6332731157200897,0.775408665869866,0.7757161458333334,dl_unetpp_r34,U-Net++ (ResNet34),general,encoder-decoder,UnetPlusPlus,resnet34,rgb,26.080349,29.275037050247192
4130-steel,4130 Steel,Steel,4130x10 (10).jpg,0.6369036388400693,0.7781621061297346,0.7782660590277778,dl_unetpp_r34,U-Net++ (ResNet34),general,encoder-decoder,UnetPlusPlus,resnet34,rgb,26.080349,29.275037050247192
4130-steel,4130 Steel,Steel,4130x10 (11).jpg,0.6296795001369894,0.7726982530891278,0.7730577256944444,dl_unetpp_r34,U-Net++ (ResNet34),general,encoder-decoder,UnetPlusPlus,resnet34,rgb,26.080349,29.275037050247192
4130-steel,4130 Steel,Steel,4130x10 (12).jpg,0.6352793705207278,0.776889469843636,0.7773166232638888,dl_unetpp_r34,U-Net++ (ResNet34),general,encoder-decoder,UnetPlusPlus,resnet34,rgb,26.080349,29.275037050247192
4130-steel,4130 Steel,Steel,4130x10 (13).jpg,0.6326770446291701,0.7749890832233128,0.775146484375,dl_unetpp_r34,U-Net++ (ResNet34),general,encoder-decoder,UnetPlusPlus,resnet34,rgb,26.080349,29.275037050247192
4130-steel,4130 Steel,Steel,4130x10 (14).jpg,0.6390444232173962,0.7793440105309346,0.78173828125,dl_unetpp_r34,U-Net++ (ResNet34),general,encoder-decoder,UnetPlusPlus,resnet34,rgb,26.080349,29.275037050247192
4130-steel,4130 Steel,Steel,4130x10 (15).jpg,0.6155247260952094,0.761862369514074,0.7626410590277778,dl_unetpp_r34,U-Net++ (ResNet34),general,encoder-decoder,UnetPlusPlus,resnet34,rgb,26.080349,29.275037050247192
4130-steel,4130 Steel,Steel,4130x10 (16).jpg,0.61895872544018,0.7646164555184813,0.7647298177083334,dl_unetpp_r34,U-Net++ (ResNet34),general,encoder-decoder,UnetPlusPlus,resnet34,rgb,26.080349,29.275037050247192
4130-steel,4130 Steel,Steel,4130x10 (17).jpg,0.3286834318528258,0.4946338141690489,0.4949815538194444,dl_unetpp_r34,U-Net++ (ResNet34),general,encoder-decoder,UnetPlusPlus,resnet34,rgb,26.080349,29.275037050247192
4130-steel,4130 Steel,Steel,4130x10 (18).jpg,0.6413993007897953,0.7814813732100505,0.78173828125,dl_unetpp_r34,U-Net++ (ResNet34),general,encoder-decoder,UnetPlusPlus,resnet34,rgb,26.080349,29.275037050247192
4130-steel,4130 Steel,Steel,4130x10 (19).jpg,0.6355823945795225,0.777172695036944,0.7772894965277778,dl_unetpp_r34,U-Net++ (ResNet34),general,encoder-decoder,UnetPlusPlus,resnet34,rgb,26.080349,29.275037050247192
4130-steel,4130 Steel,Steel,4130x10 (20).jpg,0.6065144455738747,0.7549282026698507,0.7556423611111112,dl_unetpp_r34,U-Net++ (ResNet34),general,encoder-decoder,UnetPlusPlus,resnet34,rgb,26.080349,29.275037050247192
4130-steel,4130 Steel,Steel,4130x20 (1).jpg,0.5530948887156815,0.7033844469518484,0.7421332465277778,dl_unetpp_r34,U-Net++ (ResNet34),general,encoder-decoder,UnetPlusPlus,resnet34,rgb,26.080349,29.275037050247192
4130-steel,4130 Steel,Steel,4130x20 (2).jpg,0.5302964512241254,0.6835975329805016,0.7229817708333334,dl_unetpp_r34,U-Net++ (ResNet34),general,encoder-decoder,UnetPlusPlus,resnet34,rgb,26.080349,29.275037050247192
4130-steel,4130 Steel,Steel,4130x20 (3).jpg,0.5519267985194984,0.7038615382954819,0.736328125,dl_unetpp_r34,U-Net++ (ResNet34),general,encoder-decoder,UnetPlusPlus,resnet34,rgb,26.080349,29.275037050247192
4130-steel,4130 Steel,Steel,4130x20 (4).jpg,0.4804425141448059,0.6312857401353789,0.6972384982638888,dl_unetpp_r34,U-Net++ (ResNet34),general,encoder-decoder,UnetPlusPlus,resnet34,rgb,26.080349,29.275037050247192
4130-steel,4130 Steel,Steel,4130x20 (5).jpg,0.6917245999786015,0.8176529831435015,0.8184407552083334,dl_unetpp_r34,U-Net++ (ResNet34),general,encoder-decoder,UnetPlusPlus,resnet34,rgb,26.080349,29.275037050247192
4130-steel,4130 Steel,Steel,4130x20 (6).jpg,0.7346621547979666,0.8468765706974082,0.8480902777777778,dl_unetpp_r34,U-Net++ (ResNet34),general,encoder-decoder,UnetPlusPlus,resnet34,rgb,26.080349,29.275037050247192
4130-steel,4130 Steel,Steel,4130x20 (7).jpg,0.7267974361618037,0.8416302676158758,0.8427734375,dl_unetpp_r34,U-Net++ (ResNet34),general,encoder-decoder,UnetPlusPlus,resnet34,rgb,26.080349,29.275037050247192
4130-steel,4130 Steel,Steel,4130x20 (8).jpg,0.7121162576974738,0.8316518239318693,0.8330620659722222,dl_unetpp_r34,U-Net++ (ResNet34),general,encoder-decoder,UnetPlusPlus,resnet34,rgb,26.080349,29.275037050247192
4130-steel,4130 Steel,Steel,4130x20 (9).jpg,0.7265646715184533,0.8415309588868221,0.8422580295138888,dl_unetpp_r34,U-Net++ (ResNet34),general,encoder-decoder,UnetPlusPlus,resnet34,rgb,26.080349,29.275037050247192
4130-steel,4130 Steel,Steel,4130x20 (10).jpg,0.7142387064422637,0.8332145669533256,0.8338216145833334,dl_unetpp_r34,U-Net++ (ResNet34),general,encoder-decoder,UnetPlusPlus,resnet34,rgb,26.080349,29.275037050247192
4130-steel,4130 Steel,Steel,4130x20 (11).jpg,0.7120519868048172,0.8318106593379672,0.8318142361111112,dl_unetpp_r34,U-Net++ (ResNet34),general,encoder-decoder,UnetPlusPlus,resnet34,rgb,26.080349,29.275037050247192
4130-steel,4130 Steel,Steel,4130x20 (12).jpg,0.7204388457295737,0.8374830577733442,0.837646484375,dl_unetpp_r34,U-Net++ (ResNet34),general,encoder-decoder,UnetPlusPlus,resnet34,rgb,26.080349,29.275037050247192
4130-steel,4130 Steel,Steel,4130x20 (13).jpg,0.7140706509985696,0.8331806343487498,0.8332248263888888,dl_unetpp_r34,U-Net++ (ResNet34),general,encoder-decoder,UnetPlusPlus,resnet34,rgb,26.080349,29.275037050247192
4130-steel,4130 Steel,Steel,4130x20 (14).jpg,0.7018872302271439,0.8248182318079061,0.8249240451388888,dl_unetpp_r34,U-Net++ (ResNet34),general,encoder-decoder,UnetPlusPlus,resnet34,rgb,26.080349,29.275037050247192
4130-steel,4130 Steel,Steel,4130x20 (15).jpg,0.7143927214944612,0.833273566317615,0.8342013888888888,dl_unetpp_r34,U-Net++ (ResNet34),general,encoder-decoder,UnetPlusPlus,resnet34,rgb,26.080349,29.275037050247192
4130-steel,4130 Steel,Steel,4130x20 (16).jpg,0.716044669139849,0.8343048093325671,0.8358832465277778,dl_unetpp_r34,U-Net++ (ResNet34),general,encoder-decoder,UnetPlusPlus,resnet34,rgb,26.080349,29.275037050247192
4130-steel,4130 Steel,Steel,4130x20 (17).jpg,0.3330892144901802,0.4997236067509213,0.4997287326388889,dl_unetpp_r34,U-Net++ (ResNet34),general,encoder-decoder,UnetPlusPlus,resnet34,rgb,26.080349,29.275037050247192
4130-steel,4130 Steel,Steel,4130x20 (18).jpg,0.7044837470307119,0.8261084861230186,0.82958984375,dl_unetpp_r34,U-Net++ (ResNet34),general,encoder-decoder,UnetPlusPlus,resnet34,rgb,26.080349,29.275037050247192
4130-steel,4130 Steel,Steel,4130x20 (19).jpg,0.7331667012210832,0.8457060881807983,0.8482259114583334,dl_unetpp_r34,U-Net++ (ResNet34),general,encoder-decoder,UnetPlusPlus,resnet34,rgb,26.080349,29.275037050247192
4130-steel,4130 Steel,Steel,4130x20 (20).jpg,0.7102014867349347,0.8301430141532877,0.8329264322916666,dl_unetpp_r34,U-Net++ (ResNet34),general,encoder-decoder,UnetPlusPlus,resnet34,rgb,26.080349,29.275037050247192
6280-cast-iron-low,6280 Gray Cast Iron,Cast Iron,6280 x 10 (1).jpg,0.4900071764612941,0.6503161055080118,0.7142469618055556,dl_unetpp_r34,U-Net++ (ResNet34),general,encoder-decoder,UnetPlusPlus,resnet34,rgb,26.080349,29.275037050247192
6280-cast-iron-low,6280 Gray Cast Iron,Cast Iron,6280 x 10 (2).jpg,0.4887261321603025,0.6523237346936801,0.7003851996527778,dl_unetpp_r34,U-Net++ (ResNet34),general,encoder-decoder,UnetPlusPlus,resnet34,rgb,26.080349,29.275037050247192
6280-cast-iron-low,6280 Gray Cast Iron,Cast Iron,6280 x 10 (3).jpg,0.4869031072398093,0.6470033779488006,0.7133517795138888,dl_unetpp_r34,U-Net++ (ResNet34),general,encoder-decoder,UnetPlusPlus,resnet34,rgb,26.080349,29.275037050247192
6280-cast-iron-low,6280 Gray Cast Iron,Cast Iron,6280 x 10 (4).jpg,0.5114185310884931,0.6715573882843757,0.7252875434027778,dl_unetpp_r34,U-Net++ (ResNet34),general,encoder-decoder,UnetPlusPlus,resnet34,rgb,26.080349,29.275037050247192
6280-cast-iron-low,6280 Gray Cast Iron,Cast Iron,6280 x 10 (5).jpg,0.4422748162794036,0.6031158625432549,0.6803114149305556,dl_unetpp_r34,U-Net++ (ResNet34),general,encoder-decoder,UnetPlusPlus,resnet34,rgb,26.080349,29.275037050247192
6280-cast-iron-low,6280 Gray Cast Iron,Cast Iron,6280 x 10 (6).jpg,0.491609720019191,0.6508192898567011,0.7194281684027778,dl_unetpp_r34,U-Net++ (ResNet34),general,encoder-decoder,UnetPlusPlus,resnet34,rgb,26.080349,29.275037050247192
6280-cast-iron-low,6280 Gray Cast Iron,Cast Iron,6280 x 10 (7).jpg,0.4580996536907953,0.6250868495842786,0.6646050347222222,dl_unetpp_r34,U-Net++ (ResNet34),general,encoder-decoder,UnetPlusPlus,resnet34,rgb,26.080349,29.275037050247192
6280-cast-iron-low,6280 Gray Cast Iron,Cast Iron,6280 x 10 (8).jpg,0.4887706476723958,0.648035075318908,0.7175564236111112,dl_unetpp_r34,U-Net++ (ResNet34),general,encoder-decoder,UnetPlusPlus,resnet34,rgb,26.080349,29.275037050247192
6280-cast-iron-low,6280 Gray Cast Iron,Cast Iron,6280 x 10 (9).jpg,0.4983787008723732,0.6605014628448584,0.710205078125,dl_unetpp_r34,U-Net++ (ResNet34),general,encoder-decoder,UnetPlusPlus,resnet34,rgb,26.080349,29.275037050247192
6280-cast-iron-low,6280 Gray Cast Iron,Cast Iron,6280 x 10 (10).jpg,0.4886720664370401,0.6428875546320626,0.735595703125,dl_unetpp_r34,U-Net++ (ResNet34),general,encoder-decoder,UnetPlusPlus,resnet34,rgb,26.080349,29.275037050247192
6280-cast-iron-low,6280 Gray Cast Iron,Cast Iron,6280 x 10 (11).jpg,0.4716659524210527,0.6286443996860581,0.7182888454861112,dl_unetpp_r34,U-Net++ (ResNet34),general,encoder-decoder,UnetPlusPlus,resnet34,rgb,26.080349,29.275037050247192
6280-cast-iron-high,6280 Gray Cast Iron,Cast Iron,6280 x 20 (1).jpg,0.5625919778264136,0.6961012533965594,0.7989637586805556,dl_unetpp_r34,U-Net++ (ResNet34),general,encoder-decoder,UnetPlusPlus,resnet34,rgb,26.080349,29.275037050247192
6280-cast-iron-high,6280 Gray Cast Iron,Cast Iron,6280 x 20 (2).jpg,0.5673398828909753,0.696601889776767,0.8141004774305556,dl_unetpp_r34,U-Net++ (ResNet34),general,encoder-decoder,UnetPlusPlus,resnet34,rgb,26.080349,29.275037050247192
6280-cast-iron-high,6280 Gray Cast Iron,Cast Iron,6280 x 20 (3).jpg,0.5415885609191137,0.6774368070953437,0.78076171875,dl_unetpp_r34,U-Net++ (ResNet34),general,encoder-decoder,UnetPlusPlus,resnet34,rgb,26.080349,29.275037050247192
6280-cast-iron-high,6280 Gray Cast Iron,Cast Iron,6280 x 20 (4).jpg,0.5835586954203791,0.7138816630051449,0.8178982204861112,dl_unetpp_r34,U-Net++ (ResNet34),general,encoder-decoder,UnetPlusPlus,resnet34,rgb,26.080349,29.275037050247192
6280-cast-iron-high,6280 Gray Cast Iron,Cast Iron,6280 x 20 (5).jpg,0.5342446938749533,0.6669279407243305,0.7849934895833334,dl_unetpp_r34,U-Net++ (ResNet34),general,encoder-decoder,UnetPlusPlus,resnet34,rgb,26.080349,29.275037050247192
6280-cast-iron-high,6280 Gray Cast Iron,Cast Iron,6280 x 20 (6).jpg,0.5728978656220023,0.7027913302364617,0.8148328993055556,dl_unetpp_r34,U-Net++ (ResNet34),general,encoder-decoder,UnetPlusPlus,resnet34,rgb,26.080349,29.275037050247192
6280-cast-iron-high,6280 Gray Cast Iron,Cast Iron,6280 x 20 (7).jpg,0.5710887751622936,0.6952163803968769,0.8312717013888888,dl_unetpp_r34,U-Net++ (ResNet34),general,encoder-decoder,UnetPlusPlus,resnet34,rgb,26.080349,29.275037050247192
6280-cast-iron-high,6280 Gray Cast Iron,Cast Iron,6280 x 20 (8).jpg,0.5719142499828448,0.7056148547601799,0.8025716145833334,dl_unetpp_r34,U-Net++ (ResNet34),general,encoder-decoder,UnetPlusPlus,resnet34,rgb,26.080349,29.275037050247192
6280-cast-iron-high,6280 Gray Cast Iron,Cast Iron,6280 x 20 (9).jpg,0.5557980231463793,0.6860198437475972,0.8051486545138888,dl_unetpp_r34,U-Net++ (ResNet34),general,encoder-decoder,UnetPlusPlus,resnet34,rgb,26.080349,29.275037050247192
6280-cast-iron-high,6280 Gray Cast Iron,Cast Iron,6280 x 20 (10).jpg,0.5827881593383969,0.7103863275413551,0.8262532552083334,dl_unetpp_r34,U-Net++ (ResNet34),general,encoder-decoder,UnetPlusPlus,resnet34,rgb,26.080349,29.275037050247192
5884-armor-steel,5884 Armor Steel,Steel,armor steel  x 5 (3).jpg,0.3857356989736091,0.5458961014894919,0.58056640625,dl_unetpp_r34,U-Net++ (ResNet34),general,encoder-decoder,UnetPlusPlus,resnet34,rgb,26.080349,29.275037050247192
5884-armor-steel,5884 Armor Steel,Steel,armor steel x 5 (1).jpg,0.3227123745592017,0.4717631906795833,0.5186089409722222,dl_unetpp_r34,U-Net++ (ResNet34),general,encoder-decoder,UnetPlusPlus,resnet34,rgb,26.080349,29.275037050247192
5884-armor-steel,5884 Armor Steel,Steel,armor steel x 5 (2).jpg,0.3863731758766143,0.5433458705211897,0.588134765625,dl_unetpp_r34,U-Net++ (ResNet34),general,encoder-decoder,UnetPlusPlus,resnet34,rgb,26.080349,29.275037050247192
5884-armor-steel,5884 Armor Steel,Steel,armor steel x 5 (4).jpg,0.2982452824823615,0.4145549169422199,0.5361599392361112,dl_unetpp_r34,U-Net++ (ResNet34),general,encoder-decoder,UnetPlusPlus,resnet34,rgb,26.080349,29.275037050247192
5884-armor-steel,5884 Armor Steel,Steel,armor steel x 5 (5).jpg,0.3906857434576409,0.5596318304387955,0.5669216579861112,dl_unetpp_r34,U-Net++ (ResNet34),general,encoder-decoder,UnetPlusPlus,resnet34,rgb,26.080349,29.275037050247192
5884-armor-steel,5884 Armor Steel,Steel,armor steel x 10 (1).jpg,0.4718395893150531,0.6363880502908843,0.6542697482638888,dl_unetpp_r34,U-Net++ (ResNet34),general,encoder-decoder,UnetPlusPlus,resnet34,rgb,26.080349,29.275037050247192
5884-armor-steel,5884 Armor Steel,Steel,armor steel x 10 (2).jpg,0.4691009378681279,0.6295199830666726,0.6631944444444444,dl_unetpp_r34,U-Net++ (ResNet34),general,encoder-decoder,UnetPlusPlus,resnet34,rgb,26.080349,29.275037050247192
5884-armor-steel,5884 Armor Steel,Steel,armor steel x 10 (3).jpg,0.463878875473585,0.5969564073321223,0.72509765625,dl_unetpp_r34,U-Net++ (ResNet34),general,encoder-decoder,UnetPlusPlus,resnet34,rgb,26.080349,29.275037050247192
5884-armor-steel,5884 Armor Steel,Steel,armor steel x 10 (4).jpg,0.4734441305105461,0.6215073459031151,0.6984592013888888,dl_unetpp_r34,U-Net++ (ResNet34),general,encoder-decoder,UnetPlusPlus,resnet34,rgb,26.080349,29.275037050247192
5884-armor-steel,5884 Armor Steel,Steel,armor steel x 10 (5).jpg,0.4787613635482891,0.6242576544856764,0.7094184027777778,dl_unetpp_r34,U-Net++ (ResNet34),general,encoder-decoder,UnetPlusPlus,resnet34,rgb,26.080349,29.275037050247192
5884-armor-steel,5884 Armor Steel,Steel,armor steel x 10 (6).jpg,0.3930150617527799,0.5140264239858121,0.6676432291666666,dl_unetpp_r34,U-Net++ (ResNet34),general,encoder-decoder,UnetPlusPlus,resnet34,rgb,26.080349,29.275037050247192
5884-armor-steel,5884 Armor Steel,Steel,armor steel x 20 (1).jpg,0.6842521139619154,0.8030015353155935,0.8608940972222222,dl_unetpp_r34,U-Net++ (ResNet34),general,encoder-decoder,UnetPlusPlus,resnet34,rgb,26.080349,29.275037050247192
5884-armor-steel,5884 Armor Steel,Steel,armor steel x 20 (2).jpg,0.6873868441115821,0.8071138832182772,0.854248046875,dl_unetpp_r34,U-Net++ (ResNet34),general,encoder-decoder,UnetPlusPlus,resnet34,rgb,26.080349,29.275037050247192
5884-armor-steel,5884 Armor Steel,Steel,armor steel x 20 (3).jpg,0.7939072185330789,0.8849055952504228,0.8869357638888888,dl_unetpp_r34,U-Net++ (ResNet34),general,encoder-decoder,UnetPlusPlus,resnet34,rgb,26.080349,29.275037050247192
5884-armor-steel,5884 Armor Steel,Steel,armor steel x 20 (4).jpg,0.6645785229188386,0.7945869138832446,0.8175184461805556,dl_unetpp_r34,U-Net++ (ResNet34),general,encoder-decoder,UnetPlusPlus,resnet34,rgb,26.080349,29.275037050247192
5884-armor-steel,5884 Armor Steel,Steel,armor steel x 20 (5).jpg,0.6922929694709548,0.8169453899436958,0.8248697916666666,dl_unetpp_r34,U-Net++ (ResNet34),general,encoder-decoder,UnetPlusPlus,resnet34,rgb,26.080349,29.275037050247192
5884-armor-steel,5884 Armor Steel,Steel,armor steel x 20 (6).jpg,0.6017014667396817,0.7498140805465989,0.7573784722222222,dl_unetpp_r34,U-Net++ (ResNet34),general,encoder-decoder,UnetPlusPlus,resnet34,rgb,26.080349,29.275037050247192
5884-armor-steel,5884 Armor Steel,Steel,armor steel x 50 (1).jpg,0.447412699390914,0.5964992899714464,0.6720648871527778,dl_unetpp_r34,U-Net++ (ResNet34),general,encoder-decoder,UnetPlusPlus,resnet34,rgb,26.080349,29.275037050247192
5884-armor-steel,5884 Armor Steel,Steel,armor steel x 50 (2).jpg,0.4470552145844836,0.5722280697430118,0.724609375,dl_unetpp_r34,U-Net++ (ResNet34),general,encoder-decoder,UnetPlusPlus,resnet34,rgb,26.080349,29.275037050247192
5884-armor-steel,5884 Armor Steel,Steel,armor steel x 50 (3).jpg,0.354101857986055,0.4940919363151959,0.5801595052083334,dl_unetpp_r34,U-Net++ (ResNet34),general,encoder-decoder,UnetPlusPlus,resnet34,rgb,26.080349,29.275037050247192
5884-armor-steel,5884 Armor Steel,Steel,armor steel x 50 (4).jpg,0.3388066425996962,0.4496733792673604,0.6087239583333334,dl_unetpp_r34,U-Net++ (ResNet34),general,encoder-decoder,UnetPlusPlus,resnet34,rgb,26.080349,29.275037050247192
418-17-4ph-x5,418 Printed 17-4 PH Steel,Steel,x5 (1).jpg,0.788120776556452,0.8686434966785406,0.9794379340277778,dl_unetpp_r34,U-Net++ (ResNet34),general,encoder-decoder,UnetPlusPlus,resnet34,rgb,26.080349,29.275037050247192
418-17-4ph-x5,418 Printed 17-4 PH Steel,Steel,x5 (2).jpg,0.8252503034513445,0.8964802680062223,0.9794108072916666,dl_unetpp_r34,U-Net++ (ResNet34),general,encoder-decoder,UnetPlusPlus,resnet34,rgb,26.080349,29.275037050247192
418-17-4ph-x5,418 Printed 17-4 PH Steel,Steel,x5 (3).jpg,0.807593237422066,0.8827102025565399,0.9860297309027778,dl_unetpp_r34,U-Net++ (ResNet34),general,encoder-decoder,UnetPlusPlus,resnet34,rgb,26.080349,29.275037050247192
418-17-4ph-x5,418 Printed 17-4 PH Steel,Steel,x5 (4).jpg,0.7902568896382391,0.8708074869061597,0.9759928385416666,dl_unetpp_r34,U-Net++ (ResNet34),general,encoder-decoder,UnetPlusPlus,resnet34,rgb,26.080349,29.275037050247192
418-17-4ph-x5,418 Printed 17-4 PH Steel,Steel,x5 (5).jpg,0.8816017352736035,0.9347359837984368,0.9729275173611112,dl_unetpp_r34,U-Net++ (ResNet34),general,encoder-decoder,UnetPlusPlus,resnet34,rgb,26.080349,29.275037050247192
418-17-4ph-x5,418 Printed 17-4 PH Steel,Steel,x5 (6).jpg,0.7863820105089194,0.8689455171350102,0.9679633246527778,dl_unetpp_r34,U-Net++ (ResNet34),general,encoder-decoder,UnetPlusPlus,resnet34,rgb,26.080349,29.275037050247192
418-17-4ph-x5,418 Printed 17-4 PH Steel,Steel,x5 (7).jpg,0.7819755443081995,0.8638303674066291,0.9791395399305556,dl_unetpp_r34,U-Net++ (ResNet34),general,encoder-decoder,UnetPlusPlus,resnet34,rgb,26.080349,29.275037050247192
418-17-4ph-x5,418 Printed 17-4 PH Steel,Steel,x5 (8).jpg,0.7902508445052421,0.8695462483148739,0.9847276475694444,dl_unetpp_r34,U-Net++ (ResNet34),general,encoder-decoder,UnetPlusPlus,resnet34,rgb,26.080349,29.275037050247192
418-17-4ph-x5,418 Printed 17-4 PH Steel,Steel,x5 (9).jpg,0.797064202922573,0.875171543373972,0.982421875,dl_unetpp_r34,U-Net++ (ResNet34),general,encoder-decoder,UnetPlusPlus,resnet34,rgb,26.080349,29.275037050247192
418-17-4ph-x5,418 Printed 17-4 PH Steel,Steel,x5 (10).jpg,0.8116944463497725,0.8859790799685074,0.9844835069444444,dl_unetpp_r34,U-Net++ (ResNet34),general,encoder-decoder,UnetPlusPlus,resnet34,rgb,26.080349,29.275037050247192
418-17-4ph-x5,418 Printed 17-4 PH Steel,Steel,x5 (11).jpg,0.7774602139772904,0.8603743156496493,0.9781087239583334,dl_unetpp_r34,U-Net++ (ResNet34),general,encoder-decoder,UnetPlusPlus,resnet34,rgb,26.080349,29.275037050247192
418-17-4ph-x5,418 Printed 17-4 PH Steel,Steel,x5 (12).jpg,0.8057434384459932,0.881861071542076,0.9818250868055556,dl_unetpp_r34,U-Net++ (ResNet34),general,encoder-decoder,UnetPlusPlus,resnet34,rgb,26.080349,29.275037050247192
418-17-4ph-x5,418 Printed 17-4 PH Steel,Steel,x5 (13).jpg,0.7765557992032122,0.8586402357218863,0.9844835069444444,dl_unetpp_r34,U-Net++ (ResNet34),general,encoder-decoder,UnetPlusPlus,resnet34,rgb,26.080349,29.275037050247192
418-17-4ph-x5,418 Printed 17-4 PH Steel,Steel,x5 (14).jpg,0.8114671097734832,0.8858776752335442,0.9839409722222222,dl_unetpp_r34,U-Net++ (ResNet34),general,encoder-decoder,UnetPlusPlus,resnet34,rgb,26.080349,29.275037050247192
418-17-4ph-x5,418 Printed 17-4 PH Steel,Steel,x5 (15).jpg,0.8527168133858536,0.91635286520487,0.9701334635416666,dl_unetpp_r34,U-Net++ (ResNet34),general,encoder-decoder,UnetPlusPlus,resnet34,rgb,26.080349,29.275037050247192
418-17-4ph-x5,418 Printed 17-4 PH Steel,Steel,x5 (16).jpg,0.8216824174338773,0.8952562445240437,0.9675835503472222,dl_unetpp_r34,U-Net++ (ResNet34),general,encoder-decoder,UnetPlusPlus,resnet34,rgb,26.080349,29.275037050247192
418-17-4ph-x5,418 Printed 17-4 PH Steel,Steel,x5 (17).jpg,0.8810480359916519,0.9345430865378112,0.9706759982638888,dl_unetpp_r34,U-Net++ (ResNet34),general,encoder-decoder,UnetPlusPlus,resnet34,rgb,26.080349,29.275037050247192
418-17-4ph-x5,418 Printed 17-4 PH Steel,Steel,x5 (18).jpg,0.7396454974046066,0.8295047240152653,0.9725477430555556,dl_unetpp_r34,U-Net++ (ResNet34),general,encoder-decoder,UnetPlusPlus,resnet34,rgb,26.080349,29.275037050247192
418-17-4ph-x5,418 Printed 17-4 PH Steel,Steel,x5 (19).jpg,0.7816025781003431,0.8634507146473498,0.9796820746527778,dl_unetpp_r34,U-Net++ (ResNet34),general,encoder-decoder,UnetPlusPlus,resnet34,rgb,26.080349,29.275037050247192
418-17-4ph-x5,418 Printed 17-4 PH Steel,Steel,x5 (20).jpg,0.7829935296931729,0.8645869700028082,0.9794921875,dl_unetpp_r34,U-Net++ (ResNet34),general,encoder-decoder,UnetPlusPlus,resnet34,rgb,26.080349,29.275037050247192
418-17-4ph-x5,418 Printed 17-4 PH Steel,Steel,x5 (21).jpg,0.7690495771681805,0.8529797885713017,0.9814724392361112,dl_unetpp_r34,U-Net++ (ResNet34),general,encoder-decoder,UnetPlusPlus,resnet34,rgb,26.080349,29.275037050247192
418-17-4ph-x5,418 Printed 17-4 PH Steel,Steel,x5 (22).jpg,0.7570942383730811,0.8443048313267465,0.9738498263888888,dl_unetpp_r34,U-Net++ (ResNet34),general,encoder-decoder,UnetPlusPlus,resnet34,rgb,26.080349,29.275037050247192
418-17-4ph-x5,418 Printed 17-4 PH Steel,Steel,x5 (23).jpg,0.778095714152043,0.860657662630281,0.9795735677083334,dl_unetpp_r34,U-Net++ (ResNet34),general,encoder-decoder,UnetPlusPlus,resnet34,rgb,26.080349,29.275037050247192
418-17-4ph-x5,418 Printed 17-4 PH Steel,Steel,x5 (24).jpg,0.7915604314831268,0.8711254346285682,0.9808756510416666,dl_unetpp_r34,U-Net++ (ResNet34),general,encoder-decoder,UnetPlusPlus,resnet34,rgb,26.080349,29.275037050247192
418-17-4ph-x5,418 Printed 17-4 PH Steel,Steel,x5 (25).jpg,0.7586431498674546,0.8450075111548148,0.977294921875,dl_unetpp_r34,U-Net++ (ResNet34),general,encoder-decoder,UnetPlusPlus,resnet34,rgb,26.080349,29.275037050247192
418-17-4ph-x20,418 Printed 17-4 PH Steel,Steel,x20 (1).jpg,0.3303123602372192,0.4954361593333755,0.4988878038194444,dl_unetpp_r34,U-Net++ (ResNet34),general,encoder-decoder,UnetPlusPlus,resnet34,rgb,26.080349,29.275037050247192
418-17-4ph-x20,418 Printed 17-4 PH Steel,Steel,x20 (2).jpg,0.271916407525965,0.4261831211567816,0.4299858940972222,dl_unetpp_r34,U-Net++ (ResNet34),general,encoder-decoder,UnetPlusPlus,resnet34,rgb,26.080349,29.275037050247192
418-17-4ph-x20,418 Printed 17-4 PH Steel,Steel,x20 (3).jpg,0.2419120758439768,0.3853026079685649,0.3965386284722222,dl_unetpp_r34,U-Net++ (ResNet34),general,encoder-decoder,UnetPlusPlus,resnet34,rgb,26.080349,29.275037050247192
418-17-4ph-x20,418 Printed 17-4 PH Steel,Steel,x20 (4).jpg,0.2361702090652937,0.3772638858170614,0.3898654513888889,dl_unetpp_r34,U-Net++ (ResNet34),general,encoder-decoder,UnetPlusPlus,resnet34,rgb,26.080349,29.275037050247192
418-17-4ph-x20,418 Printed 17-4 PH Steel,Steel,x20 (5).jpg,0.2505971742338942,0.3954301579498459,0.4095865885416667,dl_unetpp_r34,U-Net++ (ResNet34),general,encoder-decoder,UnetPlusPlus,resnet34,rgb,26.080349,29.275037050247192
418-17-4ph-x20,418 Printed 17-4 PH Steel,Steel,x20 (6).jpg,0.3889271664995447,0.5600313659346214,0.56005859375,dl_unetpp_r34,U-Net++ (ResNet34),general,encoder-decoder,UnetPlusPlus,resnet34,rgb,26.080349,29.275037050247192
418-17-4ph-x20,418 Printed 17-4 PH Steel,Steel,x20 (7).jpg,0.3370222955597696,0.5033244005952,0.5057779947916666,dl_unetpp_r34,U-Net++ (ResNet34),general,encoder-decoder,UnetPlusPlus,resnet34,rgb,26.080349,29.275037050247192
418-17-4ph-x20,418 Printed 17-4 PH Steel,Steel,x20 (8).jpg,0.2514235081381706,0.4000737012993793,0.4047309027777778,dl_unetpp_r34,U-Net++ (ResNet34),general,encoder-decoder,UnetPlusPlus,resnet34,rgb,26.080349,29.275037050247192
418-17-4ph-x20,418 Printed 17-4 PH Steel,Steel,x20 (9).jpg,0.4811247313062067,0.6480480966566664,0.654296875,dl_unetpp_r34,U-Net++ (ResNet34),general,encoder-decoder,UnetPlusPlus,resnet34,rgb,26.080349,29.275037050247192
418-17-4ph-x20,418 Printed 17-4 PH Steel,Steel,x20 (10).jpg,0.3024465775535304,0.4642058284217142,0.46484375,dl_unetpp_r34,U-Net++ (ResNet34),general,encoder-decoder,UnetPlusPlus,resnet34,rgb,26.080349,29.275037050247192
418-17-4ph-x20,418 Printed 17-4 PH Steel,Steel,x20 (11).jpg,0.4928474477340613,0.5159533599522361,0.9584418402777778,dl_unetpp_r34,U-Net++ (ResNet34),general,encoder-decoder,UnetPlusPlus,resnet34,rgb,26.080349,29.275037050247192
418-17-4ph-x20,418 Printed 17-4 PH Steel,Steel,x20 (12).jpg,0.5063260502697557,0.537855414114219,0.9631076388888888,dl_unetpp_r34,U-Net++ (ResNet34),general,encoder-decoder,UnetPlusPlus,resnet34,rgb,26.080349,29.275037050247192
418-17-4ph-x20,418 Printed 17-4 PH Steel,Steel,x20 (13).jpg,0.5390557094916099,0.5830914189501538,0.9821234809027778,dl_unetpp_r34,U-Net++ (ResNet34),general,encoder-decoder,UnetPlusPlus,resnet34,rgb,26.080349,29.275037050247192
418-17-4ph-x20,418 Printed 17-4 PH Steel,Steel,x20 (14).jpg,0.5199583783249263,0.5563274984519189,0.9723307291666666,dl_unetpp_r34,U-Net++ (ResNet34),general,encoder-decoder,UnetPlusPlus,resnet34,rgb,26.080349,29.275037050247192
418-17-4ph-x20,418 Printed 17-4 PH Steel,Steel,x20 (15).jpg,0.5017573738209493,0.5244484286063006,0.9705674913194444,dl_unetpp_r34,U-Net++ (ResNet34),general,encoder-decoder,UnetPlusPlus,resnet34,rgb,26.080349,29.275037050247192
418-17-4ph-x20,418 Printed 17-4 PH Steel,Steel,x20 (16).jpg,0.5097283069248357,0.5427096677409643,0.9651150173611112,dl_unetpp_r34,U-Net++ (ResNet34),general,encoder-decoder,UnetPlusPlus,resnet34,rgb,26.080349,29.275037050247192
418-17-4ph-x20,418 Printed 17-4 PH Steel,Steel,x20 (17).jpg,0.5592673650684046,0.6179360827529577,0.9775390625,dl_unetpp_r34,U-Net++ (ResNet34),general,encoder-decoder,UnetPlusPlus,resnet34,rgb,26.080349,29.275037050247192
418-17-4ph-x20,418 Printed 17-4 PH Steel,Steel,x20 (18).jpg,0.5063652072340677,0.534651435418727,0.9680989583333334,dl_unetpp_r34,U-Net++ (ResNet34),general,encoder-decoder,UnetPlusPlus,resnet34,rgb,26.080349,29.275037050247192
418-17-4ph-x20,418 Printed 17-4 PH Steel,Steel,x20 (19).jpg,0.4925823072735047,0.5081280993184837,0.9688856336805556,dl_unetpp_r34,U-Net++ (ResNet34),general,encoder-decoder,UnetPlusPlus,resnet34,rgb,26.080349,29.275037050247192
418-17-4ph-x20,418 Printed 17-4 PH Steel,Steel,x20 (20).jpg,0.2776147918838794,0.3806422430655017,0.5216742621527778,dl_unetpp_r34,U-Net++ (ResNet34),general,encoder-decoder,UnetPlusPlus,resnet34,rgb,26.080349,29.275037050247192
418-17-4ph-x20,418 Printed 17-4 PH Steel,Steel,x20 (21).jpg,0.2467573769982854,0.3566631600601784,0.4567328559027778,dl_unetpp_r34,U-Net++ (ResNet34),general,encoder-decoder,UnetPlusPlus,resnet34,rgb,26.080349,29.275037050247192
4130-steel,4130 Steel,Steel,4130x10 (1).jpg,0.2550320095486111,0.33777642050047607,0.5100640190972222,dl_deeplabv3_r34,DeepLabV3 (ResNet34),general,context-atrous,DeepLabV3,resnet34,rgb,26.010189,39.0425488948822
4130-steel,4130 Steel,Steel,4130x10 (2).jpg,0.2644449869791667,0.34593069675839677,0.5288899739583334,dl_deeplabv3_r34,DeepLabV3 (ResNet34),general,context-atrous,DeepLabV3,resnet34,rgb,26.010189,39.0425488948822
4130-steel,4130 Steel,Steel,4130x10 (3).jpg,0.2654079861111111,0.34675361497022966,0.5308159722222222,dl_deeplabv3_r34,DeepLabV3 (ResNet34),general,context-atrous,DeepLabV3,resnet34,rgb,26.010189,39.0425488948822
4130-steel,4130 Steel,Steel,4130x10 (4).jpg,0.2715115017361111,0.35192152174677405,0.5430230034722222,dl_deeplabv3_r34,DeepLabV3 (ResNet34),general,context-atrous,DeepLabV3,resnet34,rgb,26.010189,39.0425488948822
4130-steel,4130 Steel,Steel,4130x10 (5).jpg,0.2978922526041667,0.37334897241062776,0.5957845052083334,dl_deeplabv3_r34,DeepLabV3 (ResNet34),general,context-atrous,DeepLabV3,resnet34,rgb,26.010189,39.0425488948822
4130-steel,4130 Steel,Steel,4130x10 (6).jpg,0.2871365017361111,0.36478615983733675,0.5742730034722222,dl_deeplabv3_r34,DeepLabV3 (ResNet34),general,context-atrous,DeepLabV3,resnet34,rgb,26.010189,39.0425488948822
4130-steel,4130 Steel,Steel,4130x10 (7).jpg,0.2798529730902778,0.35885350540028177,0.5597059461805556,dl_deeplabv3_r34,DeepLabV3 (ResNet34),general,context-atrous,DeepLabV3,resnet34,rgb,26.010189,39.0425488948822
4130-steel,4130 Steel,Steel,4130x10 (8).jpg,0.2584771050347222,0.3407843207381842,0.5169542100694444,dl_deeplabv3_r34,DeepLabV3 (ResNet34),general,context-atrous,DeepLabV3,resnet34,rgb,26.010189,39.0425488948822
4130-steel,4130 Steel,Steel,4130x10 (9).jpg,0.2753228081597222,0.3551073246680545,0.5506456163194444,dl_deeplabv3_r34,DeepLabV3 (ResNet34),general,context-atrous,DeepLabV3,resnet34,rgb,26.010189,39.0425488948822
4130-steel,4130 Steel,Steel,4130x10 (10).jpg,0.2529568142361111,0.33595129156609144,0.5059136284722222,dl_deeplabv3_r34,DeepLabV3 (ResNet34),general,context-atrous,DeepLabV3,resnet34,rgb,26.010189,39.0425488948822
4130-steel,4130 Steel,Steel,4130x10 (11).jpg,0.2383761935763889,0.3228384062896085,0.4767523871527778,dl_deeplabv3_r34,DeepLabV3 (ResNet34),general,context-atrous,DeepLabV3,resnet34,rgb,26.010189,39.0425488948822
4130-steel,4130 Steel,Steel,4130x10 (12).jpg,0.24022081163194445,0.3245258818140174,0.4804416232638889,dl_deeplabv3_r34,DeepLabV3 (ResNet34),general,context-atrous,DeepLabV3,resnet34,rgb,26.010189,39.0425488948822
4130-steel,4130 Steel,Steel,4130x10 (13).jpg,0.24564615885416666,0.3294406548431105,0.4912923177083333,dl_deeplabv3_r34,DeepLabV3 (ResNet34),general,context-atrous,DeepLabV3,resnet34,rgb,26.010189,39.0425488948822
4130-steel,4130 Steel,Steel,4130x10 (14).jpg,0.2246771918402778,0.31003762001909074,0.4493543836805556,dl_deeplabv3_r34,DeepLabV3 (ResNet34),general,context-atrous,DeepLabV3,resnet34,rgb,26.010189,39.0425488948822
4130-steel,4130 Steel,Steel,4130x10 (15).jpg,0.2405056423611111,0.324785698585977,0.4810112847222222,dl_deeplabv3_r34,DeepLabV3 (ResNet34),general,context-atrous,DeepLabV3,resnet34,rgb,26.010189,39.0425488948822
4130-steel,4130 Steel,Steel,4130x10 (16).jpg,0.2594943576388889,0.341667261947282,0.5189887152777778,dl_deeplabv3_r34,DeepLabV3 (ResNet34),general,context-atrous,DeepLabV3,resnet34,rgb,26.010189,39.0425488948822
4130-steel,4130 Steel,Steel,4130x10 (17).jpg,0.2643229166666667,0.34582623509369675,0.5286458333333334,dl_deeplabv3_r34,DeepLabV3 (ResNet34),general,context-atrous,DeepLabV3,resnet34,rgb,26.010189,39.0425488948822
4130-steel,4130 Steel,Steel,4130x10 (18).jpg,0.2441677517361111,0.32810848248459884,0.4883355034722222,dl_deeplabv3_r34,DeepLabV3 (ResNet34),general,context-atrous,DeepLabV3,resnet34,rgb,26.010189,39.0425488948822
4130-steel,4130 Steel,Steel,4130x10 (19).jpg,0.2663845486111111,0.3475860116097975,0.5327690972222222,dl_deeplabv3_r34,DeepLabV3 (ResNet34),general,context-atrous,DeepLabV3,resnet34,rgb,26.010189,39.0425488948822
4130-steel,4130 Steel,Steel,4130x10 (20).jpg,0.2835828993055556,0.3619054213113619,0.5671657986111112,dl_deeplabv3_r34,DeepLabV3 (ResNet34),general,context-atrous,DeepLabV3,resnet34,rgb,26.010189,39.0425488948822
4130-steel,4130 Steel,Steel,4130x20 (1).jpg,0.362271150699371,0.5155633853796455,0.5655110677083334,dl_deeplabv3_r34,DeepLabV3 (ResNet34),general,context-atrous,DeepLabV3,resnet34,rgb,26.010189,39.0425488948822
4130-steel,4130 Steel,Steel,4130x20 (2).jpg,0.3907944873738702,0.5126713559858569,0.6631401909722222,dl_deeplabv3_r34,DeepLabV3 (ResNet34),general,context-atrous,DeepLabV3,resnet34,rgb,26.010189,39.0425488948822
4130-steel,4130 Steel,Steel,4130x20 (3).jpg,0.388223814857902,0.5331915431438049,0.6152615017361112,dl_deeplabv3_r34,DeepLabV3 (ResNet34),general,context-atrous,DeepLabV3,resnet34,rgb,26.010189,39.0425488948822
4130-steel,4130 Steel,Steel,4130x20 (4).jpg,0.3572266340699201,0.5044193792891702,0.5707736545138888,dl_deeplabv3_r34,DeepLabV3 (ResNet34),general,context-atrous,DeepLabV3,resnet34,rgb,26.010189,39.0425488948822
4130-steel,4130 Steel,Steel,4130x20 (5).jpg,0.2626003689236111,0.3443485993775011,0.5252007378472222,dl_deeplabv3_r34,DeepLabV3 (ResNet34),general,context-atrous,DeepLabV3,resnet34,rgb,26.010189,39.0425488948822
4130-steel,4130 Steel,Steel,4130x20 (6).jpg,0.2589518229166667,0.34119665451426123,0.5179036458333334,dl_deeplabv3_r34,DeepLabV3 (ResNet34),general,context-atrous,DeepLabV3,resnet34,rgb,26.010189,39.0425488948822
4130-steel,4130 Steel,Steel,4130x20 (7).jpg,0.2515190972222222,0.3346809125036096,0.5030381944444444,dl_deeplabv3_r34,DeepLabV3 (ResNet34),general,context-atrous,DeepLabV3,resnet34,rgb,26.010189,39.0425488948822
4130-steel,4130 Steel,Steel,4130x20 (8).jpg,0.2619222005208333,0.3437650200267023,0.5238444010416666,dl_deeplabv3_r34,DeepLabV3 (ResNet34),general,context-atrous,DeepLabV3,resnet34,rgb,26.010189,39.0425488948822
4130-steel,4130 Steel,Steel,4130x20 (9).jpg,0.2567138671875,0.33924826584933054,0.513427734375,dl_deeplabv3_r34,DeepLabV3 (ResNet34),general,context-atrous,DeepLabV3,resnet34,rgb,26.010189,39.0425488948822
4130-steel,4130 Steel,Steel,4130x20 (10).jpg,0.24192979600694445,0.32608179009524507,0.4838595920138889,dl_deeplabv3_r34,DeepLabV3 (ResNet34),general,context-atrous,DeepLabV3,resnet34,rgb,26.010189,39.0425488948822
4130-steel,4130 Steel,Steel,4130x20 (11).jpg,0.2271050347222222,0.31234144157588417,0.4542100694444444,dl_deeplabv3_r34,DeepLabV3 (ResNet34),general,context-atrous,DeepLabV3,resnet34,rgb,26.010189,39.0425488948822
4130-steel,4130 Steel,Steel,4130x20 (12).jpg,0.23486328125,0.3196013289036545,0.4697265625,dl_deeplabv3_r34,DeepLabV3 (ResNet34),general,context-atrous,DeepLabV3,resnet34,rgb,26.010189,39.0425488948822
4130-steel,4130 Steel,Steel,4130x20 (13).jpg,0.2262912326388889,0.31157092701874955,0.4525824652777778,dl_deeplabv3_r34,DeepLabV3 (ResNet34),general,context-atrous,DeepLabV3,resnet34,rgb,26.010189,39.0425488948822
4130-steel,4130 Steel,Steel,4130x20 (14).jpg,0.22627766927083334,0.31155807048013895,0.4525553385416667,dl_deeplabv3_r34,DeepLabV3 (ResNet34),general,context-atrous,DeepLabV3,resnet34,rgb,26.010189,39.0425488948822
4130-steel,4130 Steel,Steel,4130x20 (15).jpg,0.24857584635416666,0.3320650105995543,0.4971516927083333,dl_deeplabv3_r34,DeepLabV3 (ResNet34),general,context-atrous,DeepLabV3,resnet34,rgb,26.010189,39.0425488948822
4130-steel,4130 Steel,Steel,4130x20 (16).jpg,0.2648518880208333,0.3462786614885354,0.5297037760416666,dl_deeplabv3_r34,DeepLabV3 (ResNet34),general,context-atrous,DeepLabV3,resnet34,rgb,26.010189,39.0425488948822
4130-steel,4130 Steel,Steel,4130x20 (17).jpg,0.2583671382907754,0.3861747292745409,0.4504937065972222,dl_deeplabv3_r34,DeepLabV3 (ResNet34),general,context-atrous,DeepLabV3,resnet34,rgb,26.010189,39.0425488948822
4130-steel,4130 Steel,Steel,4130x20 (18).jpg,0.283203125,0.36159600997506236,0.56640625,dl_deeplabv3_r34,DeepLabV3 (ResNet34),general,context-atrous,DeepLabV3,resnet34,rgb,26.010189,39.0425488948822
4130-steel,4130 Steel,Steel,4130x20 (19).jpg,0.2777777777777778,0.35714285714285715,0.5555555555555556,dl_deeplabv3_r34,DeepLabV3 (ResNet34),general,context-atrous,DeepLabV3,resnet34,rgb,26.010189,39.0425488948822
4130-steel,4130 Steel,Steel,4130x20 (20).jpg,0.2778862847222222,0.3572325289440647,0.5557725694444444,dl_deeplabv3_r34,DeepLabV3 (ResNet34),general,context-atrous,DeepLabV3,resnet34,rgb,26.010189,39.0425488948822
6280-cast-iron-low,6280 Gray Cast Iron,Cast Iron,6280 x 10 (1).jpg,0.16640874702580638,0.22821475678842243,0.4857313368055556,dl_deeplabv3_r34,DeepLabV3 (ResNet34),general,context-atrous,DeepLabV3,resnet34,rgb,26.010189,39.0425488948822
6280-cast-iron-low,6280 Gray Cast Iron,Cast Iron,6280 x 10 (2).jpg,0.16604372388453315,0.22736245527324894,0.4859483506944444,dl_deeplabv3_r34,DeepLabV3 (ResNet34),general,context-atrous,DeepLabV3,resnet34,rgb,26.010189,39.0425488948822
6280-cast-iron-low,6280 Gray Cast Iron,Cast Iron,6280 x 10 (3).jpg,0.15548310734051524,0.21779659445849298,0.4541286892361111,dl_deeplabv3_r34,DeepLabV3 (ResNet34),general,context-atrous,DeepLabV3,resnet34,rgb,26.010189,39.0425488948822
6280-cast-iron-low,6280 Gray Cast Iron,Cast Iron,6280 x 10 (4).jpg,0.16767665439111398,0.22850377409148956,0.4915635850694444,dl_deeplabv3_r34,DeepLabV3 (ResNet34),general,context-atrous,DeepLabV3,resnet34,rgb,26.010189,39.0425488948822
6280-cast-iron-low,6280 Gray Cast Iron,Cast Iron,6280 x 10 (5).jpg,0.16967975462144994,0.23048368662296984,0.4963107638888889,dl_deeplabv3_r34,DeepLabV3 (ResNet34),general,context-atrous,DeepLabV3,resnet34,rgb,26.010189,39.0425488948822
6280-cast-iron-low,6280 Gray Cast Iron,Cast Iron,6280 x 10 (6).jpg,0.1689705891819716,0.23087610973461759,0.4928114149305556,dl_deeplabv3_r34,DeepLabV3 (ResNet34),general,context-atrous,DeepLabV3,resnet34,rgb,26.010189,39.0425488948822
6280-cast-iron-low,6280 Gray Cast Iron,Cast Iron,6280 x 10 (7).jpg,0.16908720072154804,0.22998669463049412,0.4948459201388889,dl_deeplabv3_r34,DeepLabV3 (ResNet34),general,context-atrous,DeepLabV3,resnet34,rgb,26.010189,39.0425488948822
6280-cast-iron-low,6280 Gray Cast Iron,Cast Iron,6280 x 10 (8).jpg,0.16573574091522317,0.22718011501637156,0.4846733940972222,dl_deeplabv3_r34,DeepLabV3 (ResNet34),general,context-atrous,DeepLabV3,resnet34,rgb,26.010189,39.0425488948822
6280-cast-iron-low,6280 Gray Cast Iron,Cast Iron,6280 x 10 (9).jpg,0.165772555560391,0.22486321155626268,0.4896647135416667,dl_deeplabv3_r34,DeepLabV3 (ResNet34),general,context-atrous,DeepLabV3,resnet34,rgb,26.010189,39.0425488948822
6280-cast-iron-low,6280 Gray Cast Iron,Cast Iron,6280 x 10 (10).jpg,0.18691290893471554,0.24759950767343172,0.5428059895833334,dl_deeplabv3_r34,DeepLabV3 (ResNet34),general,context-atrous,DeepLabV3,resnet34,rgb,26.010189,39.0425488948822
6280-cast-iron-low,6280 Gray Cast Iron,Cast Iron,6280 x 10 (11).jpg,0.18350636776569154,0.2431739638571034,0.5360785590277778,dl_deeplabv3_r34,DeepLabV3 (ResNet34),general,context-atrous,DeepLabV3,resnet34,rgb,26.010189,39.0425488948822
6280-cast-iron-high,6280 Gray Cast Iron,Cast Iron,6280 x 20 (1).jpg,0.4078911675347222,0.44927319718541314,0.8157823350694444,dl_deeplabv3_r34,DeepLabV3 (ResNet34),general,context-atrous,DeepLabV3,resnet34,rgb,26.010189,39.0425488948822
6280-cast-iron-high,6280 Gray Cast Iron,Cast Iron,6280 x 20 (2).jpg,0.4090847439236111,0.44999627004848936,0.8181694878472222,dl_deeplabv3_r34,DeepLabV3 (ResNet34),general,context-atrous,DeepLabV3,resnet34,rgb,26.010189,39.0425488948822
6280-cast-iron-high,6280 Gray Cast Iron,Cast Iron,6280 x 20 (3).jpg,0.4032660590277778,0.44645324043486095,0.8065321180555556,dl_deeplabv3_r34,DeepLabV3 (ResNet34),general,context-atrous,DeepLabV3,resnet34,rgb,26.010189,39.0425488948822
6280-cast-iron-high,6280 Gray Cast Iron,Cast Iron,6280 x 20 (4).jpg,0.4105495876736111,0.45088108679784905,0.8210991753472222,dl_deeplabv3_r34,DeepLabV3 (ResNet34),general,context-atrous,DeepLabV3,resnet34,rgb,26.010189,39.0425488948822
6280-cast-iron-high,6280 Gray Cast Iron,Cast Iron,6280 x 20 (5).jpg,0.4151611328125,0.45364812591703346,0.830322265625,dl_deeplabv3_r34,DeepLabV3 (ResNet34),general,context-atrous,DeepLabV3,resnet34,rgb,26.010189,39.0425488948822
6280-cast-iron-high,6280 Gray Cast Iron,Cast Iron,6280 x 20 (6).jpg,0.4108751085069444,0.4510773262653186,0.8217502170138888,dl_deeplabv3_r34,DeepLabV3 (ResNet34),general,context-atrous,DeepLabV3,resnet34,rgb,26.010189,39.0425488948822
6280-cast-iron-high,6280 Gray Cast Iron,Cast Iron,6280 x 20 (7).jpg,0.4263509114583333,0.4602477378546956,0.8527018229166666,dl_deeplabv3_r34,DeepLabV3 (ResNet34),general,context-atrous,DeepLabV3,resnet34,rgb,26.010189,39.0425488948822
6280-cast-iron-high,6280 Gray Cast Iron,Cast Iron,6280 x 20 (8).jpg,0.4087185329861111,0.4497746201379146,0.8174370659722222,dl_deeplabv3_r34,DeepLabV3 (ResNet34),general,context-atrous,DeepLabV3,resnet34,rgb,26.010189,39.0425488948822
6280-cast-iron-high,6280 Gray Cast Iron,Cast Iron,6280 x 20 (9).jpg,0.4164360894097222,0.45440821702902306,0.8328721788194444,dl_deeplabv3_r34,DeepLabV3 (ResNet34),general,context-atrous,DeepLabV3,resnet34,rgb,26.010189,39.0425488948822
6280-cast-iron-high,6280 Gray Cast Iron,Cast Iron,6280 x 20 (10).jpg,0.4194200303819444,0.45617891336096894,0.8388400607638888,dl_deeplabv3_r34,DeepLabV3 (ResNet34),general,context-atrous,DeepLabV3,resnet34,rgb,26.010189,39.0425488948822
5884-armor-steel,5884 Armor Steel,Steel,armor steel  x 5 (3).jpg,0.2850884331597222,0.3631290707116079,0.5701768663194444,dl_deeplabv3_r34,DeepLabV3 (ResNet34),general,context-atrous,DeepLabV3,resnet34,rgb,26.010189,39.0425488948822
5884-armor-steel,5884 Armor Steel,Steel,armor steel x 5 (1).jpg,0.29443359375,0.37062077443146896,0.5888671875,dl_deeplabv3_r34,DeepLabV3 (ResNet34),general,context-atrous,DeepLabV3,resnet34,rgb,26.010189,39.0425488948822
5884-armor-steel,5884 Armor Steel,Steel,armor steel x 5 (2).jpg,0.2734239366319444,0.35352401662487065,0.5468478732638888,dl_deeplabv3_r34,DeepLabV3 (ResNet34),general,context-atrous,DeepLabV3,resnet34,rgb,26.010189,39.0425488948822
5884-armor-steel,5884 Armor Steel,Steel,armor steel x 5 (4).jpg,0.2536896521487859,0.3381182683495604,0.5053168402777778,dl_deeplabv3_r34,DeepLabV3 (ResNet34),general,context-atrous,DeepLabV3,resnet34,rgb,26.010189,39.0425488948822
5884-armor-steel,5884 Armor Steel,Steel,armor steel x 5 (5).jpg,0.3246663411458333,0.3936941826614694,0.6493326822916666,dl_deeplabv3_r34,DeepLabV3 (ResNet34),general,context-atrous,DeepLabV3,resnet34,rgb,26.010189,39.0425488948822
5884-armor-steel,5884 Armor Steel,Steel,armor steel x 10 (1).jpg,0.2794867621527778,0.3585522881503393,0.5589735243055556,dl_deeplabv3_r34,DeepLabV3 (ResNet34),general,context-atrous,DeepLabV3,resnet34,rgb,26.010189,39.0425488948822
5884-armor-steel,5884 Armor Steel,Steel,armor steel x 10 (2).jpg,0.2582329644097222,0.34057206232223675,0.5164659288194444,dl_deeplabv3_r34,DeepLabV3 (ResNet34),general,context-atrous,DeepLabV3,resnet34,rgb,26.010189,39.0425488948822
5884-armor-steel,5884 Armor Steel,Steel,armor steel x 10 (3).jpg,0.1765407986111111,0.26094627105052126,0.3530815972222222,dl_deeplabv3_r34,DeepLabV3 (ResNet34),general,context-atrous,DeepLabV3,resnet34,rgb,26.010189,39.0425488948822
5884-armor-steel,5884 Armor Steel,Steel,armor steel x 10 (4).jpg,0.2122260199652778,0.29797566224219685,0.4244520399305556,dl_deeplabv3_r34,DeepLabV3 (ResNet34),general,context-atrous,DeepLabV3,resnet34,rgb,26.010189,39.0425488948822
5884-armor-steel,5884 Armor Steel,Steel,armor steel x 10 (5).jpg,0.20166015625,0.2874043145441893,0.4033203125,dl_deeplabv3_r34,DeepLabV3 (ResNet34),general,context-atrous,DeepLabV3,resnet34,rgb,26.010189,39.0425488948822
5884-armor-steel,5884 Armor Steel,Steel,armor steel x 10 (6).jpg,0.19193522135416666,0.27738900323434285,0.3838704427083333,dl_deeplabv3_r34,DeepLabV3 (ResNet34),general,context-atrous,DeepLabV3,resnet34,rgb,26.010189,39.0425488948822
5884-armor-steel,5884 Armor Steel,Steel,armor steel x 20 (1).jpg,0.4164225260416667,0.4544001420832963,0.8328450520833334,dl_deeplabv3_r34,DeepLabV3 (ResNet34),general,context-atrous,DeepLabV3,resnet34,rgb,26.010189,39.0425488948822
5884-armor-steel,5884 Armor Steel,Steel,armor steel x 20 (2).jpg,0.4065212673611111,0.4484409599616973,0.8130425347222222,dl_deeplabv3_r34,DeepLabV3 (ResNet34),general,context-atrous,DeepLabV3,resnet34,rgb,26.010189,39.0425488948822
5884-armor-steel,5884 Armor Steel,Steel,armor steel x 20 (3).jpg,0.2447855061230613,0.3307859254983503,0.4867078993055556,dl_deeplabv3_r34,DeepLabV3 (ResNet34),general,context-atrous,DeepLabV3,resnet34,rgb,26.010189,39.0425488948822
5884-armor-steel,5884 Armor Steel,Steel,armor steel x 20 (4).jpg,0.3747694227430556,0.42842080781455927,0.7495388454861112,dl_deeplabv3_r34,DeepLabV3 (ResNet34),general,context-atrous,DeepLabV3,resnet34,rgb,26.010189,39.0425488948822
5884-armor-steel,5884 Armor Steel,Steel,armor steel x 20 (5).jpg,0.34233378246565827,0.40724069126445805,0.6835123697916666,dl_deeplabv3_r34,DeepLabV3 (ResNet34),general,context-atrous,DeepLabV3,resnet34,rgb,26.010189,39.0425488948822
5884-armor-steel,5884 Armor Steel,Steel,armor steel x 20 (6).jpg,0.346923828125,0.40962813490919575,0.69384765625,dl_deeplabv3_r34,DeepLabV3 (ResNet34),general,context-atrous,DeepLabV3,resnet34,rgb,26.010189,39.0425488948822
5884-armor-steel,5884 Armor Steel,Steel,armor steel x 50 (1).jpg,0.224444307013532,0.3110139305609267,0.4472927517361111,dl_deeplabv3_r34,DeepLabV3 (ResNet34),general,context-atrous,DeepLabV3,resnet34,rgb,26.010189,39.0425488948822
5884-armor-steel,5884 Armor Steel,Steel,armor steel x 50 (2).jpg,0.27778150377378913,0.42922862921306426,0.4445258246527778,dl_deeplabv3_r34,DeepLabV3 (ResNet34),general,context-atrous,DeepLabV3,resnet34,rgb,26.010189,39.0425488948822
5884-armor-steel,5884 Armor Steel,Steel,armor steel x 50 (3).jpg,0.25350528910737463,0.33816381314155114,0.5046657986111112,dl_deeplabv3_r34,DeepLabV3 (ResNet34),general,context-atrous,DeepLabV3,resnet34,rgb,26.010189,39.0425488948822
5884-armor-steel,5884 Armor Steel,Steel,armor steel x 50 (4).jpg,0.3182094184844294,0.46222991483004205,0.5210232204861112,dl_deeplabv3_r34,DeepLabV3 (ResNet34),general,context-atrous,DeepLabV3,resnet34,rgb,26.010189,39.0425488948822
418-17-4ph-x5,418 Printed 17-4 PH Steel,Steel,x5 (1).jpg,0.4793972439236111,0.48948192053622125,0.9587944878472222,dl_deeplabv3_r34,DeepLabV3 (ResNet34),general,context-atrous,DeepLabV3,resnet34,rgb,26.010189,39.0425488948822
418-17-4ph-x5,418 Printed 17-4 PH Steel,Steel,x5 (2).jpg,0.4744194878472222,0.48687397344171934,0.9488389756944444,dl_deeplabv3_r34,DeepLabV3 (ResNet34),general,context-atrous,DeepLabV3,resnet34,rgb,26.010189,39.0425488948822
418-17-4ph-x5,418 Printed 17-4 PH Steel,Steel,x5 (3).jpg,0.4845106336805556,0.4921334692640454,0.9690212673611112,dl_deeplabv3_r34,DeepLabV3 (ResNet34),general,context-atrous,DeepLabV3,resnet34,rgb,26.010189,39.0425488948822
418-17-4ph-x5,418 Printed 17-4 PH Steel,Steel,x5 (4).jpg,0.4753553602430556,0.48736632782189093,0.9507107204861112,dl_deeplabv3_r34,DeepLabV3 (ResNet34),general,context-atrous,DeepLabV3,resnet34,rgb,26.010189,39.0425488948822
418-17-4ph-x5,418 Printed 17-4 PH Steel,Steel,x5 (5).jpg,0.4441053602430556,0.4703980921459049,0.8882107204861112,dl_deeplabv3_r34,DeepLabV3 (ResNet34),general,context-atrous,DeepLabV3,resnet34,rgb,26.010189,39.0425488948822
418-17-4ph-x5,418 Printed 17-4 PH Steel,Steel,x5 (6).jpg,0.4711507161458333,0.4851468554908451,0.9423014322916666,dl_deeplabv3_r34,DeepLabV3 (ResNet34),general,context-atrous,DeepLabV3,resnet34,rgb,26.010189,39.0425488948822
418-17-4ph-x5,418 Printed 17-4 PH Steel,Steel,x5 (7).jpg,0.4795735677083333,0.48957381407327405,0.9591471354166666,dl_deeplabv3_r34,DeepLabV3 (ResNet34),general,context-atrous,DeepLabV3,resnet34,rgb,26.010189,39.0425488948822
418-17-4ph-x5,418 Printed 17-4 PH Steel,Steel,x5 (8).jpg,0.4844970703125,0.4921264724116553,0.968994140625,dl_deeplabv3_r34,DeepLabV3 (ResNet34),general,context-atrous,DeepLabV3,resnet34,rgb,26.010189,39.0425488948822
418-17-4ph-x5,418 Printed 17-4 PH Steel,Steel,x5 (9).jpg,0.4823404947916667,0.49101151520172315,0.9646809895833334,dl_deeplabv3_r34,DeepLabV3 (ResNet34),general,context-atrous,DeepLabV3,resnet34,rgb,26.010189,39.0425488948822
418-17-4ph-x5,418 Printed 17-4 PH Steel,Steel,x5 (10).jpg,0.4829915364583333,0.49134862157463366,0.9659830729166666,dl_deeplabv3_r34,DeepLabV3 (ResNet34),general,context-atrous,DeepLabV3,resnet34,rgb,26.010189,39.0425488948822
418-17-4ph-x5,418 Printed 17-4 PH Steel,Steel,x5 (11).jpg,0.4802110460069444,0.48990576872517955,0.9604220920138888,dl_deeplabv3_r34,DeepLabV3 (ResNet34),general,context-atrous,DeepLabV3,resnet34,rgb,26.010189,39.0425488948822
418-17-4ph-x5,418 Printed 17-4 PH Steel,Steel,x5 (12).jpg,0.4811469184027778,0.49039232491912965,0.9622938368055556,dl_deeplabv3_r34,DeepLabV3 (ResNet34),general,context-atrous,DeepLabV3,resnet34,rgb,26.010189,39.0425488948822
418-17-4ph-x5,418 Printed 17-4 PH Steel,Steel,x5 (13).jpg,0.4858669704861111,0.4928321822634345,0.9717339409722222,dl_deeplabv3_r34,DeepLabV3 (ResNet34),general,context-atrous,DeepLabV3,resnet34,rgb,26.010189,39.0425488948822
418-17-4ph-x5,418 Printed 17-4 PH Steel,Steel,x5 (14).jpg,0.482421875,0.49105367793240556,0.96484375,dl_deeplabv3_r34,DeepLabV3 (ResNet34),general,context-atrous,DeepLabV3,resnet34,rgb,26.010189,39.0425488948822
418-17-4ph-x5,418 Printed 17-4 PH Steel,Steel,x5 (15).jpg,0.4554443359375,0.4766832758400409,0.910888671875,dl_deeplabv3_r34,DeepLabV3 (ResNet34),general,context-atrous,DeepLabV3,resnet34,rgb,26.010189,39.0425488948822
418-17-4ph-x5,418 Printed 17-4 PH Steel,Steel,x5 (16).jpg,0.4593370225694444,0.4788067298176163,0.9186740451388888,dl_deeplabv3_r34,DeepLabV3 (ResNet34),general,context-atrous,DeepLabV3,resnet34,rgb,26.010189,39.0425488948822
418-17-4ph-x5,418 Printed 17-4 PH Steel,Steel,x5 (17).jpg,0.4375949435763889,0.4667206735428993,0.8751898871527778,dl_deeplabv3_r34,DeepLabV3 (ResNet34),general,context-atrous,DeepLabV3,resnet34,rgb,26.010189,39.0425488948822
418-17-4ph-x5,418 Printed 17-4 PH Steel,Steel,x5 (18).jpg,0.4795735677083333,0.48957381407327405,0.9591471354166666,dl_deeplabv3_r34,DeepLabV3 (ResNet34),general,context-atrous,DeepLabV3,resnet34,rgb,26.010189,39.0425488948822
418-17-4ph-x5,418 Printed 17-4 PH Steel,Steel,x5 (19).jpg,0.4807807074652778,0.49020204394905337,0.9615614149305556,dl_deeplabv3_r34,DeepLabV3 (ResNet34),general,context-atrous,DeepLabV3,resnet34,rgb,26.010189,39.0425488948822
418-17-4ph-x5,418 Printed 17-4 PH Steel,Steel,x5 (20).jpg,0.4798041449652778,0.48969393264026356,0.9596082899305556,dl_deeplabv3_r34,DeepLabV3 (ResNet34),general,context-atrous,DeepLabV3,resnet34,rgb,26.010189,39.0425488948822
418-17-4ph-x5,418 Printed 17-4 PH Steel,Steel,x5 (21).jpg,0.4830729166666667,0.4913907284768212,0.9661458333333334,dl_deeplabv3_r34,DeepLabV3 (ResNet34),general,context-atrous,DeepLabV3,resnet34,rgb,26.010189,39.0425488948822
418-17-4ph-x5,418 Printed 17-4 PH Steel,Steel,x5 (22).jpg,0.4775390625,0.4885114885114885,0.955078125,dl_deeplabv3_r34,DeepLabV3 (ResNet34),general,context-atrous,DeepLabV3,resnet34,rgb,26.010189,39.0425488948822
418-17-4ph-x5,418 Printed 17-4 PH Steel,Steel,x5 (23).jpg,0.4811876085069444,0.49041345848135914,0.9623752170138888,dl_deeplabv3_r34,DeepLabV3 (ResNet34),general,context-atrous,DeepLabV3,resnet34,rgb,26.010189,39.0425488948822
418-17-4ph-x5,418 Printed 17-4 PH Steel,Steel,x5 (24).jpg,0.4805908203125,0.4901033237893688,0.961181640625,dl_deeplabv3_r34,DeepLabV3 (ResNet34),general,context-atrous,DeepLabV3,resnet34,rgb,26.010189,39.0425488948822
418-17-4ph-x5,418 Printed 17-4 PH Steel,Steel,x5 (25).jpg,0.4815266927083333,0.4905895033579305,0.9630533854166666,dl_deeplabv3_r34,DeepLabV3 (ResNet34),general,context-atrous,DeepLabV3,resnet34,rgb,26.010189,39.0425488948822
418-17-4ph-x20,418 Printed 17-4 PH Steel,Steel,x20 (1).jpg,0.1628534552851254,0.24958570721499254,0.3207465277777778,dl_deeplabv3_r34,DeepLabV3 (ResNet34),general,context-atrous,DeepLabV3,resnet34,rgb,26.010189,39.0425488948822
418-17-4ph-x20,418 Printed 17-4 PH Steel,Steel,x20 (2).jpg,0.11126411763926594,0.18638603513148608,0.21728515625,dl_deeplabv3_r34,DeepLabV3 (ResNet34),general,context-atrous,DeepLabV3,resnet34,rgb,26.010189,39.0425488948822
418-17-4ph-x20,418 Printed 17-4 PH Steel,Steel,x20 (3).jpg,0.08835252716947539,0.15287509731954177,0.1735568576388889,dl_deeplabv3_r34,DeepLabV3 (ResNet34),general,context-atrous,DeepLabV3,resnet34,rgb,26.010189,39.0425488948822
418-17-4ph-x20,418 Printed 17-4 PH Steel,Steel,x20 (4).jpg,0.08349827105177542,0.14804314479373473,0.16126844618055555,dl_deeplabv3_r34,DeepLabV3 (ResNet34),general,context-atrous,DeepLabV3,resnet34,rgb,26.010189,39.0425488948822
418-17-4ph-x20,418 Printed 17-4 PH Steel,Steel,x20 (5).jpg,0.09621760014247974,0.16837720064974582,0.18416341145833334,dl_deeplabv3_r34,DeepLabV3 (ResNet34),general,context-atrous,DeepLabV3,resnet34,rgb,26.010189,39.0425488948822
418-17-4ph-x20,418 Printed 17-4 PH Steel,Steel,x20 (6).jpg,0.2222653390410542,0.3437601415614391,0.3940700954861111,dl_deeplabv3_r34,DeepLabV3 (ResNet34),general,context-atrous,DeepLabV3,resnet34,rgb,26.010189,39.0425488948822
418-17-4ph-x20,418 Printed 17-4 PH Steel,Steel,x20 (7).jpg,0.19511064402050007,0.2807758542650427,0.3901095920138889,dl_deeplabv3_r34,DeepLabV3 (ResNet34),general,context-atrous,DeepLabV3,resnet34,rgb,26.010189,39.0425488948822
418-17-4ph-x20,418 Printed 17-4 PH Steel,Steel,x20 (8).jpg,0.26609893040437915,0.3950323266572457,0.4621853298611111,dl_deeplabv3_r34,DeepLabV3 (ResNet34),general,context-atrous,DeepLabV3,resnet34,rgb,26.010189,39.0425488948822
418-17-4ph-x20,418 Printed 17-4 PH Steel,Steel,x20 (9).jpg,0.20333502077983054,0.2935559529234363,0.4007975260416667,dl_deeplabv3_r34,DeepLabV3 (ResNet34),general,context-atrous,DeepLabV3,resnet34,rgb,26.010189,39.0425488948822
418-17-4ph-x20,418 Printed 17-4 PH Steel,Steel,x20 (10).jpg,0.1300868822128785,0.22869716256436864,0.2322048611111111,dl_deeplabv3_r34,DeepLabV3 (ResNet34),general,context-atrous,DeepLabV3,resnet34,rgb,26.010189,39.0425488948822
418-17-4ph-x20,418 Printed 17-4 PH Steel,Steel,x20 (11).jpg,0.4852430555555556,0.49251101321585905,0.9704861111111112,dl_deeplabv3_r34,DeepLabV3 (ResNet34),general,context-atrous,DeepLabV3,resnet34,rgb,26.010189,39.0425488948822
418-17-4ph-x20,418 Printed 17-4 PH Steel,Steel,x20 (12).jpg,0.4870741102430556,0.4934524218481621,0.9741482204861112,dl_deeplabv3_r34,DeepLabV3 (ResNet34),general,context-atrous,DeepLabV3,resnet34,rgb,26.010189,39.0425488948822
418-17-4ph-x20,418 Printed 17-4 PH Steel,Steel,x20 (13).jpg,0.4949001736111111,0.4974370160322827,0.9898003472222222,dl_deeplabv3_r34,DeepLabV3 (ResNet34),general,context-atrous,DeepLabV3,resnet34,rgb,26.010189,39.0425488948822
418-17-4ph-x20,418 Printed 17-4 PH Steel,Steel,x20 (14).jpg,0.4919840494791667,0.4959596373928381,0.9839680989583334,dl_deeplabv3_r34,DeepLabV3 (ResNet34),general,context-atrous,DeepLabV3,resnet34,rgb,26.010189,39.0425488948822
418-17-4ph-x20,418 Printed 17-4 PH Steel,Steel,x20 (15).jpg,0.4913465711805556,0.49563551785469967,0.9826931423611112,dl_deeplabv3_r34,DeepLabV3 (ResNet34),general,context-atrous,DeepLabV3,resnet34,rgb,26.010189,39.0425488948822
418-17-4ph-x20,418 Printed 17-4 PH Steel,Steel,x20 (16).jpg,0.48779296875,0.49382105783489866,0.9755859375,dl_deeplabv3_r34,DeepLabV3 (ResNet34),general,context-atrous,DeepLabV3,resnet34,rgb,26.010189,39.0425488948822
418-17-4ph-x20,418 Printed 17-4 PH Steel,Steel,x20 (17).jpg,0.4913330078125,0.4956286171653737,0.982666015625,dl_deeplabv3_r34,DeepLabV3 (ResNet34),general,context-atrous,DeepLabV3,resnet34,rgb,26.010189,39.0425488948822
418-17-4ph-x20,418 Printed 17-4 PH Steel,Steel,x20 (18).jpg,0.4890950520833333,0.4944874115517525,0.9781901041666666,dl_deeplabv3_r34,DeepLabV3 (ResNet34),general,context-atrous,DeepLabV3,resnet34,rgb,26.010189,39.0425488948822
418-17-4ph-x20,418 Printed 17-4 PH Steel,Steel,x20 (19).jpg,0.4911973741319444,0.4955595998850559,0.9823947482638888,dl_deeplabv3_r34,DeepLabV3 (ResNet34),general,context-atrous,DeepLabV3,resnet34,rgb,26.010189,39.0425488948822
418-17-4ph-x20,418 Printed 17-4 PH Steel,Steel,x20 (20).jpg,0.2465142144097222,0.3302203891785825,0.4930284288194444,dl_deeplabv3_r34,DeepLabV3 (ResNet34),general,context-atrous,DeepLabV3,resnet34,rgb,26.010189,39.0425488948822
418-17-4ph-x20,418 Printed 17-4 PH Steel,Steel,x20 (21).jpg,0.2793104383680556,0.3584071566562821,0.5586208767361112,dl_deeplabv3_r34,DeepLabV3 (ResNet34),general,context-atrous,DeepLabV3,resnet34,rgb,26.010189,39.0425488948822
